"Weekly Chlamydia Cases, 2006-2014"
"Data provided by Project Tycho, Data Version 1.0.0, released 28 November 2013."
"YEAR","WEEK","ALABAMA","ALASKA","AMERICAN SAMOA","ARIZONA","ARKANSAS","CALIFORNIA","COLORADO","CONNECTICUT","DELAWARE","DISTRICT OF COLUMBIA","FLORIDA","GEORGIA","GUAM","HAWAII","IDAHO","ILLINOIS","INDIANA","IOWA","KANSAS","KENTUCKY","LOUISIANA","MAINE","MARYLAND","MASSACHUSETTS","MICHIGAN","MINNESOTA","MISSISSIPPI","MISSOURI","MONTANA","NEBRASKA","NEVADA","NEW HAMPSHIRE","NEW JERSEY","NEW MEXICO","NEW YORK","NEW YORK CITY","NORTH CAROLINA","NORTH DAKOTA","NORTHERN MARIANA ISLANDS","OHIO","OKLAHOMA","OREGON","PAC TRUST TERR","PENNSYLVANIA","PUERTO RICO","RHODE ISLAND","SOUTH CAROLINA","SOUTH DAKOTA","TENNESSEE","TEXAS","UPSTATE NEW YORK","UTAH","VERMONT","VIRGIN ISLANDS","VIRGINIA","WASHINGTON","WEST VIRGINIA","WISCONSIN","WYOMING",""
2006,1,-,7,-,334,-,553,-,-,78,-,415,-,-,-,-,371,93,97,-,162,22,-,381,208,268,-,-,174,-,-,-,21,-,-,-,-,-,-,-,4,117,-,-,253,-,70,-,-,-,-,23,15,-,-,-,-,59,17,28
2006,2,-,5,-,-,190,684,35,10,72,-,437,-,-,-,-,568,-,-,-,244,39,-,69,265,547,-,-,322,-,10,-,19,5,-,-,297,1078,29,-,131,199,138,-,572,55,74,-,-,428,-,93,38,10,-,-,293,122,44,3
2006,3,-,18,-,279,122,1226,63,4,41,-,473,-,-,1,-,630,255,88,197,226,38,14,227,245,533,-,-,314,-,13,-,24,76,-,-,762,317,6,-,117,193,178,-,381,-,57,212,-,414,510,269,13,36,-,426,218,46,117,-
2006,4,-,56,-,516,139,1233,124,9,74,-,609,113,-,-,-,-,379,-,274,163,71,38,408,235,844,-,-,281,-,-,323,26,123,-,-,338,761,28,-,69,115,204,-,453,104,65,-,120,599,744,342,38,29,-,715,485,67,81,24
2006,5,381,63,-,327,177,1011,-,-,80,-,815,-,-,-,-,855,351,140,262,199,67,40,284,321,628,-,-,233,-,99,39,18,85,-,-,361,1743,13,-,70,274,183,-,542,-,67,-,-,539,-,363,-,18,-,515,436,79,121,25
2006,6,405,66,-,353,104,998,143,-,76,-,695,-,-,-,-,626,375,197,237,204,36,35,300,395,302,-,-,256,-,57,12,28,142,-,-,407,-,35,-,30,274,-,-,425,126,54,-,68,448,789,415,10,28,-,568,280,54,87,39
2006,7,-,67,-,71,210,1298,-,-,61,-,808,4,-,-,-,-,342,-,-,177,7,-,387,273,458,-,260,245,-,74,-,1,53,-,-,323,694,1,-,146,-,-,-,312,-,59,204,55,510,-,535,5,27,-,491,361,80,97,-
2006,8,346,83,-,211,143,1007,-,108,67,-,724,-,-,-,-,154,391,167,167,67,66,37,194,203,388,-,-,198,85,44,-,42,43,-,-,256,633,19,-,80,161,174,-,448,-,68,308,41,-,-,309,1,4,-,424,228,58,169,10
2006,9,397,75,-,538,191,1525,-,109,80,-,759,12,-,9,-,786,356,-,171,67,17,50,319,457,546,1,285,216,82,-,-,10,112,58,-,223,634,34,-,51,175,190,-,647,-,56,453,59,517,967,539,-,28,-,448,604,73,92,17
2006,10,232,41,-,468,175,812,-,-,90,-,664,43,-,-,-,701,341,1,-,212,267,46,280,314,1007,-,-,223,52,85,-,30,132,-,-,1041,776,-,-,87,143,199,-,611,102,67,180,53,483,-,603,-,-,-,539,352,74,19,34
2006,11,619,63,-,100,113,1349,-,-,67,39,793,21,-,-,-,596,321,114,146,91,235,37,466,196,1108,-,544,181,51,-,16,5,163,-,-,397,579,17,-,33,208,243,-,608,100,51,147,62,522,-,687,2,-,-,425,374,89,141,-
2006,12,438,50,-,280,197,1214,125,-,78,25,653,8,-,-,-,501,269,92,164,251,288,33,396,309,1475,1,-,281,-,90,-,26,155,-,-,546,828,-,-,51,246,205,-,533,-,-,316,33,433,802,610,-,36,-,-,460,67,161,-
2006,13,398,77,-,320,130,1137,-,-,84,32,674,14,-,-,-,422,319,105,216,280,267,-,195,358,1206,1,-,208,10,175,-,19,150,-,-,474,555,-,-,97,195,278,-,626,39,74,1306,61,506,-,521,25,16,-,480,292,89,92,-
2006,14,-,41,-,345,-,1142,132,64,60,35,579,21,-,-,-,610,177,115,172,214,104,61,344,418,1024,-,-,202,35,-,-,-,-,122,-,314,655,-,-,-,203,121,-,480,-,79,541,35,483,1130,593,-,26,-,387,414,66,126,-
2006,15,38,71,-,358,169,1283,-,-,49,30,608,5,-,-,-,559,299,115,141,229,195,40,-,296,765,-,-,148,51,94,-,35,214,-,-,-,423,26,-,103,253,158,-,570,58,55,249,71,64,-,510,68,28,-,321,193,55,147,3
2006,16,177,61,-,392,130,1411,204,270,58,18,671,40,-,-,-,455,373,109,151,336,240,35,310,276,614,-,-,206,14,117,-,2,184,-,-,319,378,8,-,52,-,196,-,477,35,69,734,36,529,-,650,55,26,-,323,416,72,-,21
2006,17,-,56,-,397,155,1540,-,-,64,40,696,1,-,-,-,976,-,119,156,217,164,38,298,306,542,-,324,201,31,83,4,18,193,-,-,483,-,-,-,121,235,241,-,526,-,57,388,85,472,1040,425,5,21,-,507,356,72,27,10
2006,18,-,77,-,379,161,1222,-,327,68,-,745,-,-,-,52,-,331,-,138,163,-,-,-,274,427,-,186,-,3,70,-,40,92,-,-,-,1772,18,-,38,266,150,-,468,162,72,286,57,-,475,529,21,12,-,361,356,37,11,47
2006,19,151,82,-,561,179,979,-,273,63,23,577,18,-,5,-,-,114,144,226,59,239,38,228,295,480,1,382,206,-,102,79,28,59,-,-,370,450,8,-,45,355,157,-,386,-,64,266,39,435,915,563,-,-,-,382,308,30,21,16
2006,20,201,76,-,324,125,982,-,-,55,22,726,59,-,-,24,521,124,98,99,135,232,40,291,410,406,-,-,242,6,-,57,35,89,-,-,265,607,1,-,101,319,161,-,495,39,53,345,57,488,936,492,16,22,-,470,390,38,100,14
2006,21,-,61,-,430,99,1165,-,87,77,52,789,25,-,-,136,-,-,-,155,114,296,-,-,254,534,-,521,-,1,67,-,30,-,-,-,-,634,-,-,102,-,237,-,345,-,-,233,52,434,254,524,-,-,-,435,366,19,86,-
2006,22,-,71,-,152,150,1158,64,176,50,25,503,18,-,-,-,308,147,67,-,144,201,26,242,236,369,-,253,174,-,60,-,38,118,-,-,260,394,-,-,40,217,162,-,514,-,55,319,-,275,520,409,-,14,-,359,303,18,111,23
2006,23,131,91,-,360,110,1061,-,263,76,41,792,26,-,-,-,-,203,114,179,190,229,43,354,196,761,-,-,222,-,125,12,14,-,-,-,-,704,-,-,55,340,154,-,584,-,95,308,48,497,723,599,-,15,-,540,273,49,-,-
2006,24,110,46,-,490,-,-,68,-,85,55,763,43,-,-,2,562,196,110,170,153,115,42,288,247,664,-,-,305,99,66,-,10,-,-,-,233,527,3,-,60,249,-,-,481,-,80,259,55,361,775,446,1,22,-,-,460,21,104,-
2006,25,-,64,-,408,134,1775,-,-,58,38,729,9,-,-,110,443,-,105,157,203,104,50,279,220,339,-,-,284,29,-,-,24,-,-,-,297,735,-,-,45,91,149,-,501,-,66,311,44,524,854,493,-,-,-,630,265,-,170,-
2006,26,-,-,-,327,-,901,-,-,67,18,666,-,-,-,-,-,-,125,-,-,142,-,-,149,320,-,-,-,-,-,-,22,-,-,-,-,-,7,-,-,-,208,-,357,-,-,-,-,-,-,313,-,-,-,189,-,19,-,-
2006,27,100,73,-,165,-,1092,-,231,56,-,580,15,-,-,-,662,-,59,30,402,-,-,190,71,277,-,-,171,32,80,-,26,66,20,-,82,280,2,-,18,156,-,-,176,-,44,120,25,291,-,375,67,-,-,321,290,34,24,14
2006,28,-,51,-,463,231,1393,-,448,59,20,716,26,0,-,6,-,163,-,251,227,157,-,359,327,492,-,501,213,108,89,9,40,131,-,-,312,425,5,-,51,151,-,-,666,-,43,368,53,535,739,432,-,22,-,533,327,44,-,-
2006,29,230,74,-,234,107,1312,42,-,71,52,649,-,-,4,29,599,195,-,103,177,238,-,303,160,483,7,390,262,45,76,-,25,129,-,-,256,682,17,-,33,230,-,-,-,-,68,271,67,517,37,624,-,27,-,420,242,34,29,-
2006,30,103,-,-,320,207,1679,-,46,70,19,738,3,-,1,-,991,133,102,-,240,142,46,352,347,-,7,-,239,-,-,-,6,-,-,-,364,523,23,-,70,126,125,-,603,-,81,1079,46,519,740,528,74,14,-,367,298,-,45,-
2006,31,-,94,-,504,143,1398,-,79,88,31,754,2,-,-,-,488,132,109,195,126,100,60,316,239,260,-,526,274,-,103,4,-,81,84,-,-,565,10,-,561,135,-,-,556,-,33,362,-,522,953,576,124,10,-,548,348,-,45,-
2006,32,86,65,-,379,206,1622,143,124,70,-,910,13,-,-,-,689,348,127,192,-,235,44,356,470,316,-,765,269,-,119,135,-,-,-,-,410,454,14,-,8,200,-,-,598,-,12,208,58,527,-,373,80,-,-,507,347,30,86,-
2006,33,53,75,-,389,115,1474,-,-,57,-,784,3,-,-,-,548,429,93,253,106,103,52,230,345,674,6,101,260,34,158,-,-,-,-,-,476,683,6,-,14,161,250,-,577,-,63,-,46,532,1419,444,103,8,-,329,308,24,97,34
2006,34,-,58,-,451,216,1237,58,-,81,22,779,18,-,-,-,559,306,-,-,140,10,57,252,343,404,-,-,-,34,73,-,42,173,-,-,248,619,11,-,192,331,171,-,624,-,40,243,52,496,906,498,-,27,-,531,373,29,137,-
2006,35,-,49,-,377,170,1320,-,-,62,18,749,18,-,-,-,432,297,143,-,-,11,43,304,431,364,-,-,-,12,71,-,25,167,-,-,-,730,20,-,48,-,255,-,491,-,55,-,51,538,731,505,-,-,-,568,251,46,98,-
2006,36,50,54,-,104,134,842,53,29,41,9,520,27,-,-,-,546,260,51,157,29,5,34,266,323,322,-,228,301,15,58,125,22,135,-,-,-,178,11,-,80,177,178,-,463,-,-,140,53,346,588,344,-,21,-,353,229,-,83,24
2006,37,59,84,-,157,333,1841,62,200,92,32,780,17,-,-,-,541,325,140,-,237,50,42,221,276,694,-,-,321,5,134,-,18,-,-,-,432,543,22,-,6,275,141,-,447,-,-,338,52,548,1367,556,100,15,-,401,380,20,105,-
2006,38,38,74,-,232,202,1368,-,254,64,-,877,19,-,-,6,488,347,-,122,25,-,38,380,311,758,-,-,-,54,111,-,39,100,-,-,344,533,-,-,91,413,138,-,574,-,13,359,51,572,1008,623,67,14,-,636,202,24,79,9
2006,39,43,50,-,474,164,1368,-,106,62,20,845,19,-,-,3,628,275,-,-,24,99,65,292,254,615,-,518,316,-,-,376,28,94,-,-,260,867,39,-,91,348,-,-,627,-,100,505,54,17,1223,746,-,19,-,655,546,41,188,18
2006,40,-,57,-,881,181,-,62,400,63,23,840,1,-,-,191,647,320,-,-,4,225,51,307,543,684,-,-,332,-,71,166,51,132,-,-,439,1017,21,-,41,209,-,-,460,-,-,349,64,548,-,444,-,23,-,495,325,22,144,-
2006,41,16,-,-,427,200,1189,-,-,82,60,768,1,-,-,-,591,255,184,161,10,88,53,328,623,627,-,-,253,-,-,172,37,100,-,-,429,480,27,-,79,375,307,-,507,-,107,-,48,507,950,435,59,14,-,367,393,26,113,-
2006,42,-,59,-,569,176,1453,84,428,84,134,887,22,-,-,97,577,366,105,114,138,147,10,324,345,559,1,348,368,64,40,-,39,101,-,-,607,633,14,-,88,-,158,-,579,-,89,351,52,502,916,533,-,19,-,565,264,33,112,15
2006,43,90,62,-,723,147,1361,64,-,89,91,826,41,-,-,-,552,-,-,249,74,131,58,245,366,439,-,427,316,-,-,-,12,69,-,-,487,938,6,-,18,317,121,-,472,-,72,463,55,-,-,582,-,-,-,686,320,58,118,-
2006,44,87,-,-,347,227,1171,116,244,83,63,672,3,-,-,-,679,274,152,145,195,21,-,217,234,-,1,-,294,49,-,-,9,-,-,-,-,745,22,-,56,349,309,-,560,-,27,379,33,487,749,518,103,2,-,356,349,-,100,-
2006,45,23,132,-,347,137,1292,49,171,37,52,643,8,-,-,-,348,288,-,120,358,74,35,244,429,224,-,324,-,14,103,160,46,58,-,-,427,549,8,-,18,358,119,-,257,163,83,254,-,483,670,244,101,-,-,373,488,4,84,-
2006,46,-,-,-,533,135,987,100,31,64,-,878,12,-,1,-,-,356,187,197,-,67,50,-,494,517,-,-,248,-,81,13,71,-,-,-,-,381,-,-,42,339,90,-,-,-,25,557,-,509,-,468,118,20,-,396,394,-,73,-
2006,47,48,32,-,232,77,653,-,54,59,38,423,21,-,2,-,322,-,99,106,61,48,41,205,125,256,-,-,139,23,107,7,4,63,-,-,314,572,12,-,46,-,209,-,211,-,19,108,48,324,-,519,-,18,-,207,243,20,78,-
2006,48,91,-,-,216,223,1244,-,126,89,58,789,15,-,-,-,-,464,-,208,162,31,49,348,407,389,-,330,240,29,112,-,17,-,-,-,530,867,7,-,52,-,286,-,654,77,3,448,57,564,816,695,85,18,-,617,320,50,120,-
2006,49,100,103,-,408,153,1200,-,347,107,42,750,12,-,-,-,-,-,95,130,691,122,22,201,283,423,-,205,268,47,97,207,19,-,122,-,398,800,5,-,89,-,255,-,347,198,57,583,86,490,751,792,-,21,-,473,398,44,89,-
2006,50,51,49,-,317,-,1081,-,613,62,65,837,13,-,5,-,472,-,107,177,125,104,50,407,297,498,-,399,296,46,66,130,3,-,-,-,383,724,10,-,60,302,130,-,430,92,106,330,61,-,230,779,-,-,-,595,266,42,61,-
2006,51,63,-,-,457,-,1425,-,183,81,-,876,-,-,-,-,-,-,-,79,-,4,-,280,421,804,-,-,-,-,43,-,34,-,-,-,561,-,-,-,-,374,-,-,324,135,-,-,58,472,-,695,-,6,-,506,389,-,-,-
2006,52,-,25,-,436,103,-,207,-,64,-,639,5,-,-,-,436,-,71,-,-,-,51,314,334,857,-,294,133,-,-,-,1,-,-,-,-,-,6,-,56,-,-,-,343,-,81,330,-,255,-,400,-,33,-,-,382,14,30,-
2007,1,23,23,-,340,124,609,-,6,38,-,521,9,-,-,-,-,312,-,25,40,33,29,331,256,441,-,-,103,-,-,-,36,93,-,-,719,39,5,-,115,325,-,-,10,95,-,399,37,159,762,152,-,-,-,348,216,9,-,7
2007,2,-,18,-,417,189,298,299,-,68,72,581,1,-,-,-,822,-,-,71,48,38,-,324,306,568,-,54,160,-,-,-,43,136,-,-,-,428,-,-,4,-,-,-,-,-,-,504,45,477,-,168,86,-,-,327,426,50,76,-
2007,3,35,94,-,317,132,-,-,-,100,-,741,333,-,-,-,550,-,122,295,91,57,42,154,212,281,-,-,-,24,-,-,37,216,-,-,475,628,-,-,44,168,-,-,419,146,43,501,52,498,424,259,92,18,-,442,97,16,81,15
2007,4,119,68,-,467,185,1140,155,-,69,155,967,270,-,-,-,709,428,178,284,347,7,-,377,318,323,-,-,304,-,110,-,24,177,-,-,802,937,9,-,59,254,173,-,549,236,60,507,47,644,592,408,-,25,-,463,524,45,75,31
2007,5,39,80,-,162,115,1595,45,-,87,-,-,29,-,-,-,402,590,156,118,115,-,72,351,493,435,-,-,256,15,74,140,8,148,-,-,563,644,-,-,10,222,394,-,664,193,78,509,46,519,570,432,110,23,-,474,428,29,121,-
2007,6,66,87,-,59,90,1403,88,197,72,-,-,289,-,1,-,-,166,-,1,170,44,-,-,360,414,-,-,193,18,-,-,37,130,161,-,530,718,23,-,13,146,145,-,561,-,95,438,67,570,827,405,97,19,-,485,413,29,109,-
2007,7,-,84,-,66,100,-,98,-,70,-,-,322,-,-,-,-,-,170,123,116,-,49,300,326,431,-,-,219,14,36,186,31,152,-,-,419,264,-,-,43,-,196,-,482,-,62,541,55,623,857,484,-,18,-,342,108,27,133,-
2007,8,9,106,-,8,225,1029,75,299,73,85,-,-,-,-,26,692,-,89,170,46,93,39,285,275,406,-,-,226,-,64,-,11,113,69,-,802,428,24,-,12,215,185,-,494,157,67,453,49,444,-,375,89,21,-,401,401,22,130,-
2007,9,-,-,-,66,237,1831,24,-,74,-,-,3,-,4,-,430,-,81,192,51,99,33,178,397,398,1,355,375,-,-,107,11,201,-,-,706,681,14,-,31,283,160,-,-,228,68,522,49,654,698,517,-,4,-,530,412,34,118,-
2007,10,34,64,-,238,232,1338,-,198,27,-,-,-,-,2,-,596,-,124,174,96,126,71,-,321,367,1,232,276,39,136,188,33,254,18,-,-,689,19,-,145,393,204,-,570,217,64,545,40,720,-,705,60,12,-,523,353,31,85,29
2007,11,101,56,-,184,-,1060,-,-,111,-,-,-,-,-,-,690,-,221,163,81,48,-,-,315,379,-,-,196,12,-,143,8,194,-,-,497,993,-,-,62,-,156,-,491,196,77,483,36,612,909,598,-,-,-,611,451,28,-,28
2007,12,61,62,-,257,173,496,78,231,69,93,-,-,-,-,-,365,361,125,-,123,46,55,100,291,403,-,-,311,14,58,-,31,166,-,-,652,-,13,-,58,472,114,-,514,-,61,-,43,585,988,496,-,17,-,437,-,-,94,24
2007,13,-,-,-,201,227,1122,-,171,66,-,-,1,-,-,133,662,-,122,187,149,94,50,945,383,325,-,539,-,-,97,-,8,-,-,-,437,1207,3,-,121,428,332,-,539,210,42,404,51,576,949,621,67,10,-,615,209,-,89,16
2007,14,70,79,-,72,184,1183,-,207,41,92,-,-,-,-,23,575,-,-,-,68,60,55,509,-,309,-,-,-,3,-,174,20,-,-,-,1202,645,33,-,27,129,153,-,483,-,69,609,60,492,997,572,-,21,-,503,338,-,153,6
2007,15,100,60,-,105,176,1184,-,125,73,-,-,-,-,1,128,401,370,140,-,295,34,41,796,376,354,-,-,-,21,-,-,31,-,-,-,593,547,26,-,18,107,150,-,438,128,45,493,51,553,728,742,36,28,-,563,158,-,136,16
2007,16,-,85,-,38,193,937,49,44,50,72,-,-,-,-,43,560,-,-,71,219,26,-,812,253,362,-,-,-,12,-,-,26,141,26,-,902,507,-,-,208,270,172,-,531,137,22,447,37,437,1191,478,78,14,-,542,621,30,75,-
2007,17,64,54,-,80,203,535,-,157,47,113,-,-,-,4,-,632,-,110,-,357,52,34,487,201,462,-,-,-,12,26,-,8,126,-,-,381,48,18,-,506,-,144,-,420,87,98,1944,61,585,1198,607,100,-,-,527,311,56,94,14
2007,18,22,80,-,23,205,1366,59,62,94,96,-,-,-,-,-,618,-,113,180,206,-,36,348,296,412,-,178,-,5,141,-,22,-,-,-,815,1033,-,-,439,243,191,-,484,147,79,470,41,483,1112,556,153,-,-,510,407,41,110,26
2007,19,-,79,-,45,93,1194,64,266,58,97,-,-,-,2,-,468,327,122,64,134,85,49,323,153,352,2,415,-,1,74,135,33,-,-,-,381,769,8,-,274,170,138,-,1465,150,68,-,52,546,1016,466,115,-,-,497,340,58,100,-
2007,20,51,67,-,34,-,1772,-,300,43,94,-,-,-,-,-,481,-,-,316,194,15,49,537,500,493,-,-,-,9,85,-,2,-,-,-,604,959,-,-,91,-,299,-,360,161,69,569,43,464,-,894,137,26,-,608,306,21,106,21
2007,21,70,72,0,8,171,1565,112,-,24,97,-,-,-,-,-,655,-,-,-,174,-,-,-,387,603,-,-,-,-,-,67,33,-,-,-,-,479,-,-,75,260,133,-,483,229,72,353,57,521,1196,-,-,31,-,432,317,14,102,11
2007,22,-,74,-,11,124,894,95,374,31,85,-,-,-,-,-,-,293,119,147,115,-,49,486,269,417,-,118,-,38,46,-,3,-,-,-,564,-,-,-,49,-,-,-,393,-,72,270,44,459,-,-,87,11,-,340,381,24,75,10
2007,23,32,63,-,25,-,570,-,361,115,83,842,2,-,1,-,422,277,-,184,244,-,47,459,338,-,-,-,311,-,114,103,28,135,-,-,671,1233,-,-,54,265,223,-,491,-,40,-,47,466,-,443,-,20,-,387,226,33,104,16
2007,24,-,54,-,36,164,1244,251,-,54,94,1024,-,-,-,-,-,-,-,207,194,1,-,414,200,500,-,206,296,-,106,189,25,-,-,-,594,-,-,-,112,198,152,-,555,108,50,-,-,486,811,477,120,11,-,517,613,46,165,27
2007,25,-,65,-,45,-,1182,-,168,76,-,1187,-,-,-,-,635,283,74,-,170,74,-,260,277,409,-,213,278,-,99,-,27,-,-,-,359,218,-,-,48,280,219,-,584,233,1,955,51,581,749,575,-,-,-,499,-,-,134,-
2007,26,37,81,-,69,-,1596,-,96,-,82,1029,1,-,-,-,-,-,116,170,-,313,49,370,372,260,-,220,-,-,-,-,-,-,-,-,932,530,6,-,79,197,248,-,380,42,7,-,-,-,-,501,-,10,-,530,226,31,-,18
2007,27,40,73,-,54,127,1017,71,206,65,-,1001,-,-,-,-,533,216,95,130,148,289,-,226,251,255,-,174,284,18,-,216,17,-,-,-,488,944,6,-,64,-,155,-,501,171,19,-,35,424,906,389,-,26,-,481,271,17,69,11
2007,28,-,57,-,45,219,1270,-,275,122,-,1413,10,-,-,6,-,231,207,239,82,468,35,258,304,-,-,-,287,-,-,35,16,254,-,-,1158,211,-,-,45,293,181,-,343,124,86,816,63,442,-,449,-,17,-,573,118,13,226,-
2007,29,46,66,-,66,146,1435,75,-,61,-,1496,-,-,-,2,535,323,-,164,89,157,46,416,305,457,1,660,276,-,-,24,6,235,-,-,585,170,-,-,107,293,193,-,401,-,62,-,36,499,1048,517,-,18,-,539,124,36,277,-
2007,30,54,87,-,58,152,1851,-,244,69,106,1355,6,-,-,3,430,-,1,201,66,-,-,343,368,274,-,-,295,-,-,143,21,-,-,-,-,551,2,-,85,314,-,-,657,-,81,1130,77,492,1290,506,105,-,-,-,171,53,238,16
2007,31,37,104,-,51,-,845,145,214,49,146,1146,4,-,-,120,692,448,154,182,-,-,-,316,323,320,-,-,267,17,144,218,4,-,-,-,540,307,7,-,77,287,262,-,443,84,67,863,39,577,-,415,77,1,-,354,91,44,252,31
2007,32,-,86,-,48,173,1512,-,308,140,102,1770,9,1,-,-,499,391,-,158,94,366,61,574,-,331,1,-,314,-,-,144,37,157,-,-,485,1234,-,-,54,302,141,-,527,-,39,736,42,486,896,544,-,2,-,445,187,-,240,-
2007,33,25,68,-,45,289,1144,339,337,47,139,1236,-,-,-,-,488,373,145,126,188,278,39,415,411,-,-,506,267,-,-,155,43,191,-,-,-,200,-,-,83,415,-,-,439,547,79,777,64,513,1175,409,140,30,-,485,87,37,220,7
2007,34,-,86,-,103,256,1218,-,-,57,99,1438,5,-,-,-,728,336,106,222,222,133,41,369,294,-,-,350,362,-,-,-,58,238,-,-,417,121,-,-,81,419,-,-,582,152,62,797,-,499,1143,561,118,4,-,463,150,30,170,12
2007,35,-,72,-,66,-,1306,313,261,64,-,1359,-,-,-,-,466,354,160,150,283,198,57,429,314,325,-,-,345,-,-,-,37,-,-,-,639,1092,3,-,136,-,234,-,-,121,73,644,79,515,-,651,128,17,-,544,150,25,152,17
2007,36,-,52,-,41,-,1163,191,75,37,82,1011,13,-,-,-,-,300,131,171,239,109,41,387,292,305,-,144,211,-,-,-,34,166,-,-,545,162,-,-,84,252,146,-,448,-,-,250,30,472,-,467,83,8,-,360,134,25,113,22
2007,37,-,75,-,65,208,1008,239,-,54,-,1352,4,-,-,-,599,407,-,174,301,225,55,403,289,337,1,-,308,-,-,154,52,203,-,-,-,1905,4,-,117,311,127,-,576,77,33,901,65,586,1532,863,130,23,-,499,133,23,181,22
2007,38,28,85,-,46,231,1621,202,325,45,95,1360,2,-,4,-,518,407,-,237,197,129,64,369,373,340,-,-,227,-,-,12,-,146,-,-,500,614,-,-,67,236,-,-,444,271,32,447,60,721,-,663,-,29,-,624,139,17,238,14
2007,39,-,67,-,46,224,1059,-,-,85,107,1189,-,-,4,44,499,314,183,223,148,210,-,286,241,353,-,-,300,-,-,239,39,185,-,-,40,441,3,-,79,205,171,-,414,117,98,201,52,591,1074,631,-,-,-,533,145,18,136,-
2007,40,78,87,-,80,256,747,-,28,46,-,1318,4,4,10,-,831,366,-,-,150,94,57,446,424,361,1,100,370,-,-,159,38,223,-,-,1622,72,-,-,77,184,305,-,191,-,-,922,46,384,916,-,44,19,-,461,115,3,133,11
2007,41,-,82,-,41,320,957,-,368,30,-,1139,1,1,3,67,472,227,186,-,78,157,42,278,339,360,-,351,339,-,27,-,-,215,-,-,1149,-,18,-,93,267,260,-,166,90,53,639,55,418,1076,510,-,22,-,379,20,12,110,-
2007,42,-,-,-,23,328,1165,-,164,64,77,1348,10,1,-,-,552,257,115,182,269,149,-,414,391,274,-,-,302,-,-,-,76,-,-,-,1170,727,-,-,76,-,100,-,472,164,-,553,42,551,-,584,101,26,-,474,247,2,89,-
2007,43,89,82,-,59,234,1610,-,160,63,-,1414,2,-,-,-,703,259,-,-,-,-,49,364,-,317,-,-,-,-,-,-,22,-,-,-,628,1,25,-,87,210,181,-,496,89,53,658,-,534,-,519,-,28,-,524,87,16,-,-
2007,44,54,76,-,61,311,1539,-,-,122,-,1261,9,-,-,-,-,-,120,148,242,128,45,477,-,124,-,455,321,-,-,-,52,-,-,-,-,296,-,-,69,156,239,-,533,136,78,531,42,532,1191,730,123,12,-,486,207,17,124,-
2007,45,62,81,-,47,240,-,168,280,85,81,1285,4,58,-,-,-,286,169,156,234,157,-,194,212,433,-,-,-,-,-,-,33,152,-,-,778,621,6,-,9,83,193,-,625,104,89,155,57,583,1392,683,167,-,-,457,108,4,100,-
2007,46,-,47,-,59,101,1274,101,201,66,-,-,1,-,-,51,474,-,140,-,221,182,-,-,678,261,-,-,279,-,-,-,39,-,-,-,-,31,-,-,1084,148,134,-,246,43,71,-,46,335,-,735,118,24,-,340,118,13,-,20
2007,47,29,41,-,30,95,1051,28,260,76,69,670,1,4,-,11,558,154,83,-,160,107,39,196,192,32,-,75,160,-,-,-,23,-,62,-,834,196,-,-,143,160,65,-,206,-,53,31,39,313,293,719,71,-,-,206,76,3,44,12
2007,48,64,78,-,58,125,1154,-,226,109,95,1263,8,-,-,125,1280,207,91,-,302,356,50,341,319,417,-,-,302,-,-,-,60,198,8,-,446,55,-,-,102,318,284,-,725,-,90,589,67,612,-,738,166,17,-,538,140,3,-,-
2007,49,49,72,-,53,301,1746,199,-,27,-,1414,-,-,-,91,513,387,-,-,258,178,66,352,566,495,-,-,-,-,-,11,34,180,-,-,744,78,2,-,67,216,304,-,644,618,53,451,66,428,-,590,98,24,-,628,96,6,130,19
2007,50,45,73,-,53,314,1397,124,-,110,117,1426,14,2,-,3,559,209,119,-,138,52,-,386,418,-,-,-,210,-,-,13,41,208,-,-,1015,546,-,-,72,235,200,-,-,284,54,1383,55,503,-,870,205,14,-,550,96,11,136,8
2007,51,-,53,-,57,-,120,291,-,73,-,864,-,-,1,-,1508,-,-,-,-,-,49,372,211,518,-,-,-,-,-,-,38,-,-,-,-,-,-,-,128,-,-,-,400,-,36,-,-,-,-,673,-,28,-,-,253,-,-,-
2007,52,-,57,-,78,129,832,-,-,34,-,513,1,-,-,-,559,29,94,-,-,-,-,170,-,154,-,-,-,-,-,-,28,-,-,-,10,127,-,-,66,-,87,-,209,113,82,-,56,287,430,486,121,17,-,-,128,3,-,-
2008,1,30,13,-,28,118,831,91,-,36,-,664,7,-,-,69,1,222,41,-,-,-,-,330,251,228,-,-,134,1,-,-,16,-,70,-,504,588,-,-,51,230,134,-,510,-,53,280,37,312,846,45,-,6,-,314,56,4,90,11
2008,2,32,59,-,24,395,916,-,27,50,137,1064,17,-,-,-,2,259,186,-,265,192,47,369,396,409,-,160,336,-,-,-,52,-,-,-,645,-,1,-,64,235,201,-,435,99,21,399,-,529,2178,108,117,-,-,451,-,13,102,-
2008,3,-,64,-,83,2,892,-,83,93,-,1166,4,-,-,82,-,201,172,-,230,194,64,-,412,311,1,110,350,25,-,178,47,186,-,-,665,6,-,-,87,-,218,-,507,-,56,996,-,536,1181,287,173,-,-,261,-,10,-,-
2008,4,6,68,20,48,215,1326,-,55,69,55,821,1,-,-,-,9,272,132,3,201,123,-,255,467,314,-,-,-,3,99,-,61,222,-,-,683,1208,4,-,115,131,219,-,497,101,-,424,52,482,1308,458,108,-,-,199,-,11,-,-
2008,5,19,105,-,53,336,1166,-,59,57,103,916,1,-,9,227,-,368,-,32,173,-,-,376,440,-,-,119,-,5,-,-,44,225,-,-,845,324,-,-,105,267,219,-,332,69,61,753,78,542,-,520,118,-,-,629,-,13,289,-
2008,6,-,55,9,96,337,1010,-,161,71,-,1102,8,2,1,-,-,304,-,394,268,80,56,374,-,385,-,100,-,9,-,-,34,-,-,-,1021,218,-,-,70,195,179,-,597,-,91,661,57,606,1295,593,127,-,-,619,-,13,193,-
2008,7,31,58,-,61,289,1143,259,-,83,105,1221,7,-,-,-,4,259,-,-,268,81,53,457,426,348,-,23,133,4,-,-,47,130,-,-,788,478,-,-,73,224,274,-,-,225,48,534,43,-,660,410,132,-,-,391,-,13,-,-
2008,8,22,88,-,134,326,323,-,249,88,-,1112,9,-,-,74,-,273,-,-,229,-,57,216,211,426,-,-,100,15,48,-,28,-,-,-,-,113,-,-,90,-,133,-,501,75,54,423,50,484,1258,508,96,-,-,217,-,17,124,-
2008,9,25,99,8,-,204,621,-,301,107,-,1293,3,-,7,148,1,-,164,195,233,195,54,-,499,328,-,-,341,11,-,-,37,215,-,-,72,4,-,-,33,165,223,-,497,113,84,232,52,595,-,566,-,-,-,397,-,6,146,-
2008,10,-,68,-,30,270,535,-,-,56,-,1092,-,-,-,-,3,-,-,136,295,-,58,328,305,285,-,-,372,18,37,-,26,231,-,-,89,-,-,-,117,276,187,-,449,-,-,38,50,554,-,705,48,-,-,710,-,10,138,-
2008,11,-,45,-,66,279,1429,340,65,60,-,1060,1,-,-,55,2,-,137,170,-,120,66,298,428,547,-,74,308,26,81,-,22,198,-,-,151,-,-,-,54,272,166,-,582,295,60,29,36,25,1481,611,17,-,-,1062,-,19,250,-
2008,12,-,62,-,47,292,1660,68,212,68,-,918,9,-,2,30,1,282,-,176,-,125,60,275,354,311,-,411,-,24,113,-,29,197,-,-,2778,-,4,-,44,395,231,-,534,46,49,73,53,531,1359,532,137,-,-,-,-,18,-,-
2008,13,62,84,-,46,455,300,49,172,65,107,1005,13,-,-,182,1,278,123,191,1,151,59,401,371,383,7,-,-,33,11,202,35,-,-,-,2920,-,-,-,125,259,244,-,463,82,43,41,65,484,1199,843,-,-,-,598,-,10,-,-
2008,14,26,71,5,40,180,1093,53,309,39,92,1046,5,-,-,-,-,337,120,216,222,109,42,389,224,293,-,-,385,25,28,-,1,139,-,-,1222,-,2,-,44,281,258,-,550,154,65,3155,59,653,-,555,93,-,-,424,-,1,228,-
2008,15,23,66,14,63,269,1293,48,262,70,115,1046,6,-,3,77,3,201,136,208,292,352,35,357,323,1059,-,-,357,26,45,151,6,213,-,-,2449,-,2,-,92,346,160,-,126,105,71,-,66,489,-,543,50,-,-,527,-,2,-,-
2008,16,24,69,-,16,308,1412,35,217,144,-,1021,2,-,-,-,-,382,-,212,262,285,-,199,383,-,8,462,287,14,54,-,5,257,58,-,3207,178,13,-,85,221,129,-,549,219,55,517,53,519,-,669,144,-,-,722,-,21,135,-
2008,17,-,87,-,66,262,1320,21,-,74,-,945,8,-,-,-,-,225,108,234,-,257,31,375,479,954,4,-,-,-,42,22,15,295,-,-,1247,188,-,-,45,206,317,-,125,337,65,458,62,568,1301,599,-,-,-,553,-,16,83,-
2008,18,21,106,6,138,225,1530,19,334,70,156,1023,1,-,-,130,12,-,123,89,-,285,51,379,269,906,2,-,-,-,55,399,3,143,-,-,1085,271,-,-,117,313,193,-,546,210,-,780,56,530,-,524,126,-,-,823,-,11,167,-
2008,19,-,56,-,52,324,1554,11,118,44,149,1298,4,-,-,15,10,296,143,200,304,-,46,-,-,829,-,370,284,36,37,116,7,219,-,-,1166,272,-,-,75,220,166,-,513,163,63,732,-,541,-,563,65,20,-,664,-,-,118,-
2008,20,54,71,-,69,187,1311,15,277,71,-,1176,-,5,4,-,14,300,157,299,231,-,-,467,242,689,4,-,152,24,71,212,18,250,-,-,1192,413,2,-,134,148,143,-,542,190,40,-,50,537,-,507,71,11,-,892,-,17,103,-
2008,21,14,68,-,42,274,-,56,216,42,-,1091,2,-,-,129,2,-,-,218,361,387,-,464,239,876,-,-,-,29,43,163,24,152,-,-,1440,-,-,-,60,196,226,-,622,110,-,430,50,423,-,645,-,13,-,631,-,9,73,-
2008,22,4,43,-,35,213,1178,39,170,55,-,910,-,-,-,-,4,-,-,179,202,328,-,323,335,559,4,13,329,-,96,125,7,152,-,-,865,138,10,-,68,146,155,-,438,147,20,283,44,417,-,419,119,36,-,668,-,6,168,-
2008,23,-,43,-,101,228,1771,3,195,38,-,1113,8,-,-,-,1,283,145,159,237,107,45,383,364,400,-,467,-,22,-,-,-,107,-,-,1141,460,-,-,95,114,150,-,510,148,-,686,-,534,1217,781,100,35,-,724,-,-,152,-
2008,24,12,56,-,55,237,1211,61,192,94,89,1026,8,-,-,17,-,279,127,211,191,-,-,227,230,569,-,-,328,-,70,149,26,217,-,-,1360,350,7,-,37,223,165,-,610,-,54,750,67,512,1093,601,-,18,-,621,-,7,272,-
2008,25,35,60,-,118,316,1639,51,-,150,68,1075,5,-,2,-,19,263,-,228,224,-,47,360,358,601,-,-,353,38,70,194,28,88,-,-,1125,427,-,-,73,251,150,-,499,207,38,515,53,445,1278,523,51,19,6,628,-,3,115,-
2008,26,67,84,8,89,336,1172,-,303,61,-,817,7,-,5,-,17,298,222,195,225,-,-,-,414,419,-,-,372,31,-,128,-,252,81,-,1084,425,17,-,93,209,163,-,421,94,60,-,-,476,1493,460,-,19,-,427,-,11,121,-
2008,27,27,54,-,50,190,974,37,232,58,-,966,4,-,1,111,-,268,-,159,232,-,39,348,244,402,-,369,208,13,19,144,1,170,-,-,1012,163,45,-,-,120,207,-,290,116,-,614,44,411,-,406,83,20,-,391,-,3,-,-
2008,28,-,106,3,93,336,1276,99,270,49,-,1187,1,-,-,66,10,228,117,223,257,-,44,403,659,536,6,349,320,-,-,132,2,-,-,-,819,-,-,-,74,125,207,-,426,184,38,401,43,445,-,533,116,31,-,881,-,11,258,-
2008,29,-,67,-,86,316,-,60,180,102,126,1148,2,-,-,-,8,203,-,166,225,-,-,383,-,521,4,275,348,-,-,-,33,215,-,-,681,-,-,-,126,137,130,-,427,-,51,661,54,438,981,665,195,15,-,555,-,12,99,-
2008,30,-,69,-,102,273,1689,17,-,75,-,970,3,-,-,134,7,226,136,256,262,-,-,404,306,504,4,-,416,24,80,177,11,226,179,-,1425,-,-,-,53,-,-,-,455,-,72,611,-,453,-,507,-,19,-,465,-,14,97,-
2008,31,-,75,-,129,260,1511,1,159,65,-,1008,-,-,-,41,9,286,134,226,232,-,53,428,354,529,-,-,246,35,133,125,23,181,-,-,1168,-,15,-,74,120,-,-,671,110,11,426,54,779,954,511,-,34,-,717,-,-,122,-
2008,32,-,75,-,138,290,1594,60,274,40,117,1271,1,-,-,16,6,236,-,-,172,92,-,398,295,538,1,-,353,36,94,14,32,228,-,-,769,-,-,-,113,-,-,-,551,272,64,43,47,542,-,467,-,39,-,639,-,15,284,-
2008,33,45,61,-,39,277,1230,30,227,107,21,1213,1,-,-,-,2,317,-,187,256,162,53,509,510,674,2,558,303,-,99,150,34,197,-,-,1558,-,51,-,33,57,-,-,417,209,56,978,-,589,-,646,87,14,-,685,-,25,85,-
2008,34,-,53,-,94,300,1482,109,269,73,6,862,-,-,4,3,-,109,126,146,370,-,-,328,314,691,1,425,430,-,92,80,14,255,-,-,955,-,-,-,42,157,-,-,493,103,-,-,61,-,1247,471,-,21,-,518,-,14,87,22
2008,35,34,81,-,-,324,-,-,-,60,-,1294,3,-,-,-,-,294,-,237,-,-,-,-,334,785,-,-,308,-,-,-,6,224,-,-,1342,-,-,-,155,159,-,-,556,116,-,-,-,525,-,536,99,10,-,-,-,7,-,-
2008,36,-,-,-,150,240,1052,-,255,40,151,891,3,-,-,-,-,219,-,150,274,-,-,526,332,513,-,376,-,30,-,152,2,217,108,-,881,-,26,-,92,77,-,-,367,-,35,994,56,536,1130,396,113,15,-,484,208,2,72,23
2008,37,-,72,-,122,253,1485,33,140,35,87,1167,3,-,-,68,-,319,174,233,288,271,-,391,355,629,-,362,108,36,-,135,38,191,-,-,988,-,-,-,51,126,254,-,450,104,71,363,70,762,102,808,153,10,-,714,205,1,177,-
2008,38,-,63,-,114,281,1788,144,-,50,58,1198,3,-,-,85,14,337,173,-,287,-,44,399,327,762,-,-,-,43,-,-,35,227,-,-,1301,-,25,-,94,23,124,-,501,145,79,687,58,707,1514,625,-,19,-,709,306,1,82,-
2008,39,-,58,-,190,266,1316,154,469,115,120,1043,5,-,2,76,-,400,-,213,300,415,60,298,310,562,-,542,325,-,-,-,32,226,-,-,1130,-,-,-,50,14,287,-,644,-,14,753,69,56,1452,636,-,52,-,615,279,-,131,31
2008,40,44,-,-,216,319,1548,-,194,48,-,1071,7,-,-,20,-,280,-,235,311,268,56,230,130,569,-,269,-,-,-,-,46,-,-,-,1455,-,-,-,19,-,-,-,618,77,27,511,-,415,-,484,104,9,-,-,189,-,252,17
2008,41,-,58,-,383,296,1196,40,340,51,144,1240,6,-,36,-,-,376,-,114,269,349,-,508,233,608,-,672,104,23,-,-,52,-,-,-,1258,-,32,-,-,-,142,-,313,106,46,725,-,577,1366,663,80,20,-,742,294,2,206,-
2008,42,-,86,-,221,251,1778,58,179,113,21,1181,12,-,-,-,-,196,197,301,116,275,-,366,209,621,-,523,358,21,-,-,21,-,-,-,921,-,-,-,31,-,223,-,752,216,9,731,43,427,1393,-,253,28,-,488,264,3,245,-
2008,43,-,86,-,315,324,1599,68,326,125,173,1204,10,-,-,20,2,227,179,215,294,293,54,423,288,591,-,607,423,-,-,-,31,-,-,-,727,-,-,-,5,-,184,-,578,-,104,593,64,615,1428,562,120,22,-,522,259,6,280,18
2008,44,37,78,-,227,289,2007,62,417,99,-,1209,13,-,4,313,-,-,165,86,288,346,-,392,439,504,-,-,282,-,60,-,35,-,93,-,95,-,4,-,11,-,212,-,633,-,-,-,-,591,1199,656,-,10,-,619,316,-,114,45
2008,45,-,96,-,292,348,1869,-,-,58,-,1161,1,-,-,3,5,246,-,236,-,164,47,342,485,397,-,-,408,-,-,135,37,-,-,-,620,-,-,-,16,-,-,-,290,76,88,26,-,587,-,493,-,31,-,-,267,-,-,-
2008,46,-,53,-,308,46,1482,356,141,57,108,880,3,-,27,91,5,267,-,131,250,211,60,-,368,467,-,411,397,-,51,-,43,11,-,-,3413,-,23,-,10,-,114,-,548,115,46,514,52,450,-,456,36,16,-,311,310,2,141,23
2008,47,-,79,-,300,304,1756,588,133,88,-,1196,8,-,-,243,-,273,152,317,373,-,-,-,337,567,-,-,150,-,-,-,21,-,-,-,-,-,-,-,21,-,631,-,565,97,-,-,57,517,-,669,-,32,-,-,269,-,-,15
2008,48,14,70,-,419,-,820,248,154,70,56,593,-,-,-,4,-,235,-,65,130,195,-,196,326,338,-,147,188,-,-,-,19,182,-,-,479,-,1,-,11,-,415,-,439,44,100,209,52,312,-,625,-,-,-,424,175,-,37,15
2008,49,-,47,-,235,340,1662,372,97,88,108,1172,1,-,46,88,-,430,189,219,243,211,63,-,348,582,-,917,430,5,151,188,26,193,269,-,-,-,-,-,11,-,267,-,491,-,153,722,64,615,-,610,109,24,-,621,286,1,209,-
2008,50,-,94,-,213,-,1738,-,156,106,-,1237,3,-,-,29,-,337,128,140,246,291,37,490,259,631,-,362,397,-,-,132,34,-,-,-,954,-,-,-,14,-,203,-,442,122,134,882,67,569,1136,489,-,17,-,-,275,14,159,11
2008,51,-,76,-,256,156,-,-,340,48,48,1237,-,-,2,-,-,-,180,-,266,253,-,-,520,680,-,-,-,14,109,227,-,-,-,-,-,-,-,-,227,-,-,-,526,81,73,-,-,507,-,579,28,-,-,-,-,-,-,30
2008,52,-,55,-,133,128,-,200,221,61,-,523,-,-,-,-,9,226,57,179,-,-,-,-,325,383,-,-,214,-,78,-,20,139,-,-,-,-,-,-,34,46,167,-,322,-,60,-,-,203,-,391,-,12,-,182,103,-,5,11
2008,53,-,-,-,-,-,-,-,-,-,-,-,-,-,-,-,-,-,-,-,-,-,-,-,-,-,-,-,-,-,-,-,-,-,-,-,-,-,-,-,-,-,-,-,-,-,-,-,-,-,-,-,-,-,-,-,-,-,-,-
2009,1,-,45,-,283,329,866,279,-,48,99,1135,4,-,5,-,37,313,-,107,374,-,56,367,225,585,-,-,-,12,-,89,32,-,194,-,-,-,3,-,-,-,-,-,170,53,29,840,55,580,-,145,6,27,-,420,284,6,40,26
2009,2,40,71,-,-,273,1377,-,-,141,-,1061,10,-,2,-,-,211,184,213,-,-,68,-,389,750,-,-,150,2,66,186,28,-,-,-,467,-,-,-,-,57,154,-,70,-,-,-,65,555,-,282,43,23,-,469,299,5,-,-
2009,3,-,103,-,336,321,1409,133,-,103,-,906,4,-,46,28,85,235,-,23,219,200,51,280,204,649,-,417,231,-,87,-,19,-,-,-,1100,-,-,-,-,68,185,-,351,102,59,95,59,-,-,426,-,21,-,472,250,27,196,39
2009,4,48,56,-,365,267,1055,86,188,98,-,-,7,-,-,-,54,281,-,263,225,375,68,190,382,680,-,-,370,24,53,-,13,662,-,-,1371,-,-,-,76,40,268,-,554,252,42,877,77,480,1850,670,-,-,-,537,-,25,48,32
2009,5,46,117,-,320,260,1644,-,400,127,170,-,7,-,10,-,135,309,183,162,88,366,49,-,1028,505,-,260,350,49,-,94,-,-,-,-,1222,-,-,-,65,69,186,-,554,100,49,623,59,659,-,572,44,2,-,-,344,37,131,27
2009,6,-,93,-,256,-,1355,-,290,151,-,-,9,-,22,-,-,330,-,378,315,250,51,-,462,942,-,-,345,15,-,162,1,296,-,-,-,-,-,-,53,63,180,-,366,234,54,571,56,544,-,609,-,53,-,-,308,18,147,30
2009,7,-,-,-,322,303,1242,-,-,-,74,1264,6,-,68,-,95,241,-,413,255,-,41,-,216,604,-,339,390,20,21,288,3,202,-,-,1278,-,13,-,30,159,294,-,490,162,46,-,56,26,1497,528,-,17,-,369,281,28,161,85
2009,8,-,73,-,38,304,1603,-,351,47,-,1309,1,-,44,17,34,327,125,-,-,-,48,407,402,722,-,401,407,29,64,280,6,324,-,-,553,-,-,-,40,122,199,-,564,63,99,608,57,782,-,613,13,-,-,-,239,36,229,-
2009,9,-,66,-,43,275,1733,186,293,63,-,1247,5,-,-,81,-,315,153,261,257,81,47,417,327,592,-,387,449,60,-,227,3,181,17,-,-,-,11,-,48,102,260,-,488,180,41,-,52,642,1199,670,21,20,-,-,234,36,247,43
2009,10,-,105,-,70,337,1261,95,253,73,-,1229,2,-,-,61,-,371,-,122,380,103,47,358,387,635,-,648,424,17,-,114,3,366,-,-,1245,-,6,-,29,82,222,-,547,197,45,603,67,614,-,586,50,31,-,413,348,24,180,34
2009,11,-,74,-,31,375,1416,-,215,163,-,1111,-,-,-,100,17,130,-,232,128,196,-,377,267,941,-,-,328,5,75,124,3,364,-,-,1086,-,7,-,39,104,144,-,107,180,68,717,53,552,-,676,-,18,-,-,291,12,214,14
2009,12,-,97,-,332,184,671,409,195,130,104,1173,3,-,-,-,391,395,-,165,-,38,57,497,549,612,-,360,401,39,85,227,5,272,-,-,598,-,-,-,67,98,217,-,394,174,40,589,54,562,-,879,-,21,-,570,284,45,-,20
2009,13,-,47,-,274,204,1353,-,223,61,-,1165,2,-,43,-,343,540,178,166,179,-,44,317,441,522,-,584,357,17,76,187,5,-,139,-,2060,-,-,-,45,80,-,-,358,134,33,662,52,640,1314,875,2,22,-,-,-,-,164,38
2009,14,-,115,-,173,304,1272,-,90,46,-,1187,1,-,30,85,-,369,-,210,48,-,47,548,541,691,-,-,347,51,88,115,4,-,109,-,1203,-,-,-,58,63,224,-,578,154,48,-,49,566,-,668,1,-,1,712,448,24,161,24
2009,15,47,60,-,317,365,1320,330,297,61,-,563,1,-,-,147,-,-,135,158,244,-,49,427,392,465,-,276,399,10,95,76,2,-,-,-,1190,-,-,-,35,69,252,-,676,59,115,686,55,626,-,676,13,27,-,629,292,23,235,31
2009,16,-,99,-,386,235,1451,488,272,180,119,520,-,-,-,-,-,403,-,216,110,19,-,-,308,552,-,-,398,35,93,292,1,286,127,-,1332,-,-,-,46,90,-,-,483,159,244,2,77,560,-,635,70,23,-,883,254,31,190,-
2009,17,-,86,-,177,229,981,-,332,77,-,-,2,-,17,71,-,337,151,296,135,154,48,451,305,440,-,476,316,-,33,161,1,-,-,-,613,-,-,-,49,77,298,-,455,141,-,-,59,474,-,586,28,12,-,672,-,11,209,17
2009,18,-,94,-,371,180,1080,986,275,94,143,564,1,-,-,76,-,333,195,198,-,-,56,-,-,644,-,358,329,8,76,107,2,308,156,-,1773,-,-,-,93,10,178,-,639,173,68,491,46,473,-,592,1,30,-,615,-,31,-,61
2009,19,-,103,-,95,417,1219,-,231,64,-,486,4,-,-,33,-,413,130,241,166,102,55,331,192,413,-,470,-,13,23,160,4,331,131,-,1214,-,-,-,69,20,251,-,545,-,31,334,75,640,-,512,-,22,-,581,270,-,152,31
2009,20,-,43,-,50,161,1148,147,176,96,-,524,4,-,26,29,-,-,-,126,172,133,-,-,575,464,-,487,86,14,28,171,1,-,-,-,1001,-,-,-,58,-,-,-,321,167,62,672,-,579,13,469,-,27,-,-,271,2,187,33
2009,21,-,71,-,71,193,1167,250,181,104,93,424,45,-,61,177,468,-,-,140,159,247,29,-,270,489,-,399,175,11,27,18,4,-,-,-,999,-,-,-,19,80,223,-,290,166,-,671,40,366,-,397,-,16,-,604,199,22,36,25
2009,22,-,106,-,82,329,1310,-,274,83,99,606,6,-,27,16,360,337,91,-,120,205,-,377,361,520,-,-,337,21,54,65,5,365,108,-,713,-,7,-,103,-,131,-,456,103,49,-,60,632,-,503,1,25,1,542,240,28,126,31
2009,23,-,89,-,125,191,1155,367,281,52,141,523,3,-,-,1,562,340,123,127,200,222,45,425,286,484,-,410,334,24,97,15,4,234,123,-,1663,-,-,-,28,63,256,-,492,124,26,-,59,535,-,532,-,17,-,720,264,22,-,17
2009,24,-,90,-,97,138,577,336,-,107,-,-,2,-,-,184,1,362,-,53,184,190,37,-,799,616,-,-,324,39,60,-,2,-,-,-,1148,-,-,-,81,25,251,-,282,202,-,33,66,443,-,564,-,31,-,746,244,22,89,-
2009,25,-,-,-,78,371,1194,-,279,84,155,-,1,-,-,-,-,355,125,42,458,100,61,-,182,647,-,-,-,28,39,124,4,-,100,-,1214,-,1,-,107,2737,172,-,-,-,12,1474,60,639,-,488,-,12,-,903,188,37,107,-
2009,26,-,-,-,37,272,1288,-,206,109,116,427,-,-,-,-,-,260,137,77,451,117,-,234,263,-,2,313,304,-,27,151,1,-,67,-,508,-,-,-,16,549,187,-,402,334,-,576,39,511,1168,544,-,24,-,446,208,15,84,40
2009,27,-,-,-,60,231,1358,56,170,78,-,586,1,-,-,-,-,290,131,532,421,148,49,494,580,552,1,497,-,33,71,192,-,-,115,-,516,-,12,-,112,-,204,-,553,-,52,536,68,582,1369,579,13,18,-,346,258,27,136,70
2009,28,-,-,-,24,213,1325,9,271,99,150,559,3,-,-,-,-,294,-,265,299,-,-,-,209,515,-,-,-,23,54,105,1,-,60,-,2032,-,10,-,100,21,223,-,575,203,-,-,55,469,-,473,27,20,-,603,266,15,142,-
2009,29,-,-,-,74,-,1497,-,222,85,-,605,2,-,-,6,449,390,-,-,428,410,-,304,365,464,1,647,-,56,17,105,2,301,139,-,1165,-,-,-,85,1562,-,-,585,136,101,628,59,490,1131,650,28,19,-,313,318,-,212,12
2009,30,-,-,-,53,268,1262,425,203,68,-,723,-,-,-,41,411,273,93,20,-,-,31,347,489,589,-,433,89,27,65,284,3,-,182,-,1110,-,-,-,56,154,-,-,438,182,-,612,54,650,-,533,33,21,-,649,225,63,166,2
2009,31,-,-,-,106,328,1222,360,133,74,-,556,2,-,-,-,418,269,207,4,369,192,-,422,448,533,-,-,-,41,18,128,2,213,107,-,1297,-,12,-,84,281,138,-,563,180,78,582,53,674,1234,579,33,29,-,812,316,34,111,40
2009,32,-,-,-,220,373,1284,-,249,91,-,622,7,-,-,-,439,308,-,5,443,427,75,377,549,673,-,-,-,11,41,455,3,213,120,-,1214,-,29,-,32,207,279,-,515,112,56,519,-,637,-,551,50,-,-,330,349,54,121,-
2009,33,17,-,-,21,254,1239,378,208,53,-,612,6,-,5,175,388,360,169,28,361,337,45,-,402,593,-,636,359,34,103,144,5,298,181,-,1068,-,-,-,99,255,202,-,467,-,93,556,53,729,1105,945,-,13,-,873,236,31,-,31
2009,34,-,-,-,29,319,1531,-,-,136,-,689,3,-,-,71,-,399,-,11,340,231,-,-,416,653,-,359,-,19,96,142,3,-,187,-,1257,-,14,-,47,243,-,-,561,121,94,592,81,651,1309,1067,-,37,-,630,345,44,113,-
2009,35,14,-,-,67,239,1279,-,221,91,126,580,4,-,-,-,446,365,129,1,437,290,34,299,386,720,-,565,288,-,-,276,1,293,163,-,1153,-,-,-,62,291,115,-,439,-,-,-,-,625,-,728,-,46,-,683,23,48,-,31
2009,36,-,-,-,22,7,1213,189,169,93,138,473,3,-,-,64,-,279,187,9,134,261,61,119,362,566,-,490,318,-,63,126,-,260,50,-,990,-,-,-,41,16,375,-,377,-,69,-,-,536,-,523,-,-,-,446,166,-,107,-
2009,37,-,-,-,85,402,1478,356,224,86,-,569,9,-,-,-,1,328,-,-,28,183,-,396,302,878,-,-,346,22,38,175,-,-,101,-,1275,-,7,-,53,402,-,-,334,-,93,580,63,635,1443,798,38,28,-,572,273,61,-,-
2009,38,1,-,-,75,394,1195,-,304,106,-,588,-,-,-,55,435,340,-,7,287,-,43,390,215,690,-,472,301,30,40,260,3,247,116,-,1180,-,-,-,58,236,137,-,553,169,60,599,-,648,1082,752,29,-,-,670,347,59,163,-
2009,39,30,-,-,309,327,1668,-,240,82,-,623,1,-,-,132,495,439,180,26,133,168,34,-,551,411,-,-,258,32,143,142,-,265,191,-,814,-,22,-,68,292,391,-,449,-,70,554,1,478,1427,680,26,28,-,665,279,73,161,-
2009,40,-,-,-,172,161,1235,-,264,64,120,542,3,-,5,-,-,320,-,48,-,488,-,139,256,463,-,503,291,-,-,100,1,364,125,-,1981,-,-,-,52,198,168,-,508,83,72,419,-,595,-,677,25,64,-,552,299,-,134,-
2009,41,-,-,-,42,373,894,-,188,145,-,553,-,-,-,-,-,200,90,19,-,272,63,284,163,561,-,-,-,8,60,192,-,279,160,-,1092,-,4,-,58,157,-,-,467,172,64,628,-,696,50,548,1,30,-,573,276,53,-,59
2009,42,64,-,-,162,-,588,521,214,71,69,527,2,-,-,71,1,199,130,6,330,289,-,162,407,471,-,-,430,23,33,-,2,325,139,-,1281,-,-,-,36,198,302,-,529,115,-,615,-,592,-,813,-,13,-,651,-,29,-,56
2009,43,96,-,-,58,-,1584,-,226,105,-,664,3,-,-,155,303,191,-,2,471,149,-,316,192,369,1,294,-,-,65,99,-,-,111,-,1247,-,-,-,41,225,389,-,652,246,102,474,-,485,-,940,22,29,-,767,266,115,-,35
2009,44,31,-,-,-,270,1421,25,212,97,-,604,14,-,-,89,-,-,151,4,582,-,36,322,441,509,-,577,-,-,64,39,3,73,190,-,1329,-,4,-,16,190,230,-,548,59,60,-,-,556,-,632,6,31,-,602,220,13,181,62
2009,45,-,-,-,108,178,1310,-,226,68,-,462,-,-,-,-,-,160,-,2,642,71,57,427,680,688,-,-,129,38,20,46,2,326,-,-,1132,-,-,-,29,30,148,-,437,185,71,447,-,502,-,515,-,16,-,584,256,63,231,-
2009,46,51,-,-,211,1,-,-,250,94,137,592,1,-,-,7,-,-,146,13,-,52,-,441,480,588,-,-,-,-,41,173,-,-,84,-,1274,-,-,-,56,345,270,-,483,-,58,-,-,655,2,699,9,33,-,650,288,-,-,-
2009,47,30,-,-,168,140,959,-,145,72,-,265,-,-,-,76,-,-,-,2,-,145,34,-,370,353,-,268,214,-,51,113,1,161,117,-,694,-,-,-,-,48,182,-,293,-,41,344,-,383,-,467,18,17,-,428,174,45,84,-
2009,48,-,-,-,548,357,-,287,116,89,-,710,-,-,1,-,357,194,-,4,-,303,-,334,386,834,-,543,394,38,-,198,2,356,105,-,1731,-,-,-,-,310,292,-,551,70,51,641,-,610,1376,674,23,-,-,692,-,80,220,50
2009,49,26,-,-,127,1,1808,-,253,93,65,585,1,-,-,87,527,315,96,-,449,581,46,877,490,553,-,296,291,39,63,311,3,-,199,-,1254,-,-,-,52,229,158,-,541,260,44,518,-,423,-,642,26,12,-,672,298,39,238,12
2009,50,15,-,-,86,312,1068,332,354,72,-,547,4,-,-,-,4,-,165,1,543,440,59,486,423,533,-,-,-,-,64,-,3,-,-,-,1047,-,-,-,37,219,-,-,494,-,70,-,-,694,-,662,15,30,-,532,234,-,208,26
2009,51,-,-,-,-,-,702,-,161,67,-,375,4,-,-,-,1,-,-,1,-,-,-,100,208,-,-,282,253,-,-,110,-,-,107,-,637,-,-,-,24,-,214,-,485,-,59,-,-,375,47,776,12,-,-,167,147,18,-,-
2009,52,4,-,-,230,-,841,-,187,122,43,403,3,-,-,-,-,190,142,1,-,-,-,188,535,276,-,-,144,-,-,-,3,1,-,-,1125,-,-,-,14,47,468,-,450,60,48,317,-,299,-,601,23,24,-,293,207,25,25,-
2010,1,9,-,-,174,224,228,-,2,65,-,557,-,-,-,33,2,140,-,6,-,-,-,262,340,543,-,-,171,22,39,4,1,190,42,-,1495,-,3,-,55,1306,-,-,390,75,-,488,-,478,-,187,7,13,-,907,-,26,65,-
2010,2,2,-,-,-,309,74,-,35,91,63,554,2,-,-,-,-,205,4,22,-,73,-,259,434,924,-,-,126,36,92,121,1,-,-,-,1260,-,-,-,86,44,-,-,509,93,43,623,-,589,-,400,38,26,-,583,276,33,-,-
2010,3,13,-,-,128,-,961,-,42,88,-,434,1,-,-,11,22,275,10,6,-,40,58,275,267,537,-,520,201,-,90,161,-,248,-,-,1216,-,7,-,70,341,189,-,517,92,73,446,-,450,-,562,24,23,-,444,253,48,215,-
2010,4,24,-,-,121,245,1109,-,-,87,176,561,5,-,-,55,-,-,11,12,171,365,52,444,416,767,-,-,373,25,104,272,-,255,-,-,1379,-,-,-,151,14,249,-,526,-,62,556,-,557,-,606,-,29,-,588,301,84,213,-
2010,5,-,-,-,56,331,564,-,-,71,90,625,13,-,-,-,-,-,6,24,-,227,-,-,444,873,3,-,433,30,75,83,1,270,221,-,1290,-,-,-,93,388,306,-,651,170,-,587,-,474,78,609,17,-,-,254,286,58,182,-
2010,6,-,-,-,-,183,894,-,-,49,41,650,-,-,-,-,-,-,6,32,161,-,-,101,147,1085,-,336,-,10,-,108,-,143,-,-,-,-,-,-,79,-,-,-,405,-,57,603,-,632,-,636,13,23,-,613,307,20,221,-
2010,7,8,-,-,244,302,1172,145,-,57,52,571,-,-,-,-,-,-,2,18,206,12,43,164,671,1217,-,-,146,30,-,123,2,444,163,-,58,-,-,-,80,228,153,-,447,49,71,420,-,526,-,562,20,28,-,507,222,21,194,16
2010,8,34,-,-,67,326,1391,-,150,117,-,548,-,-,-,36,-,-,16,27,418,1,51,457,343,504,-,-,355,22,-,175,4,546,-,-,2289,-,-,-,99,221,-,-,406,271,-,669,-,605,-,568,-,25,-,723,-,16,197,11
2010,9,-,-,-,137,314,1556,255,-,97,-,598,2,-,-,-,-,-,8,-,325,-,-,501,537,682,-,618,387,-,60,151,1,316,-,-,-,-,-,-,113,206,-,-,518,120,53,-,-,539,-,639,9,33,-,519,280,67,-,-
2010,10,5,-,-,191,375,1400,368,-,87,-,605,13,-,-,-,-,-,45,14,384,-,51,384,422,632,-,490,351,32,45,142,-,351,125,-,1347,-,44,-,111,228,-,-,465,80,53,687,-,652,-,722,11,-,-,599,292,54,-,14
2010,11,3,-,-,-,261,1234,141,-,105,156,565,2,-,-,-,-,-,10,35,318,-,-,-,243,809,-,573,324,23,115,156,-,253,-,-,1293,-,3,-,97,311,-,-,612,172,81,525,-,678,-,737,7,31,-,517,283,89,-,-
2010,12,8,-,-,213,-,1260,318,-,85,93,578,-,-,-,14,-,-,18,19,614,-,62,-,-,742,-,318,337,34,56,139,-,237,-,-,1472,-,-,-,112,41,-,-,501,-,48,585,-,445,-,785,42,30,-,678,289,58,-,10
2010,13,-,-,-,131,369,1493,178,-,36,120,586,2,-,-,75,-,-,12,5,-,-,39,-,358,480,-,278,-,21,-,221,2,270,-,-,1233,-,-,-,117,374,-,-,358,198,47,518,-,-,-,539,-,18,-,413,331,65,-,-
2010,14,34,-,-,262,282,1313,277,-,123,-,531,47,-,-,-,-,-,-,-,-,-,-,293,411,684,-,-,426,15,36,127,2,348,199,-,1067,-,12,-,130,213,-,-,477,75,28,616,-,-,-,801,50,15,-,550,-,53,-,4
2010,15,3,-,-,454,296,1689,-,-,100,88,541,12,-,-,-,-,76,23,-,353,-,-,396,465,683,-,-,362,37,45,248,-,342,136,-,1293,-,-,-,109,196,-,-,561,135,99,636,-,382,-,897,70,23,-,672,323,70,-,-
2010,16,-,-,-,219,217,1645,285,-,91,62,587,7,-,-,67,-,-,8,12,351,-,32,429,435,-,-,-,-,-,-,306,-,337,240,-,1315,-,-,-,127,269,-,-,568,93,115,643,-,422,-,703,89,20,-,685,282,56,-,6
2010,17,-,-,-,297,397,1194,-,-,62,-,572,-,-,-,28,-,-,17,13,379,-,58,-,377,698,-,-,-,-,49,130,1,-,166,-,1255,-,-,-,104,205,-,-,522,-,92,553,-,475,-,725,-,22,-,599,331,67,-,11
2010,18,-,-,-,151,304,1399,-,317,84,-,566,6,-,-,-,-,-,19,-,-,-,-,-,272,692,-,-,99,19,-,216,3,511,-,-,1231,-,-,-,246,223,-,-,523,90,71,-,-,-,-,657,-,16,-,518,638,-,-,18
2010,19,-,-,-,156,314,1258,247,112,94,-,715,1,-,-,18,-,-,15,15,-,-,57,322,579,603,1,-,-,33,-,210,13,445,-,-,1432,-,-,-,120,273,-,-,530,83,72,516,-,-,-,687,-,-,-,749,250,76,-,11
2010,20,398,-,-,141,322,1404,-,238,68,-,630,9,-,-,108,-,-,11,-,-,-,37,-,510,729,-,-,-,13,49,158,94,427,-,-,1326,-,-,-,136,263,-,-,580,-,67,628,-,581,-,739,76,26,-,606,247,69,-,15
2010,21,-,-,-,201,296,1251,-,148,75,148,658,2,-,-,-,-,-,6,-,-,-,-,-,408,586,-,-,-,13,-,160,66,278,-,-,1292,-,-,-,-,255,-,-,606,-,87,584,-,518,1,615,45,36,-,385,-,49,-,-
2010,22,-,-,-,53,254,1174,288,138,94,56,453,16,-,-,-,-,-,2,44,196,-,35,376,319,458,2,-,103,28,39,114,47,317,-,-,1118,-,32,-,71,199,-,-,399,92,57,538,-,387,-,485,40,27,-,575,204,68,-,22
2010,23,450,-,-,94,228,1444,-,350,37,104,664,-,-,-,37,-,-,26,52,351,-,50,466,607,517,-,238,210,21,-,218,55,483,-,-,1310,-,42,-,122,-,-,-,423,-,-,727,-,474,1535,670,48,19,-,805,264,-,5,10
2010,24,486,-,-,78,288,2027,355,-,156,-,666,-,6,-,99,-,-,47,24,-,-,56,649,411,762,-,786,139,25,-,131,48,351,84,-,1165,-,-,-,1,176,-,-,531,147,71,476,-,554,-,784,86,15,-,514,266,58,266,1
2010,25,431,-,-,90,-,1497,314,-,35,-,719,2,-,-,192,-,-,10,-,362,-,42,370,388,604,2,385,177,53,-,170,38,304,212,-,1366,-,-,-,105,256,-,-,429,-,66,752,-,504,-,696,-,51,-,715,268,49,287,6
2010,26,-,-,-,-,304,712,318,-,115,-,557,5,-,-,-,-,-,15,-,467,-,39,564,445,596,-,367,169,22,-,133,57,380,-,-,993,-,41,-,136,226,-,-,560,-,81,679,-,462,-,505,39,18,-,526,248,61,178,-
2010,27,253,-,-,381,154,645,356,-,50,-,484,1,-,-,53,-,60,3,-,277,-,46,326,275,446,-,460,130,13,85,-,4,356,174,-,1102,-,3,-,134,141,-,-,398,76,48,437,-,339,-,494,-,19,-,525,219,-,215,-
2010,28,490,-,-,75,355,1644,216,-,68,-,587,-,-,-,-,17,-,20,2,273,-,57,541,367,419,1,359,209,32,63,144,39,374,-,-,1265,-,-,-,97,227,-,-,478,-,-,762,-,459,24,612,-,32,-,636,250,53,-,6
2010,29,438,-,-,88,356,1560,-,271,84,-,758,3,-,-,109,22,-,5,2,-,-,40,524,483,663,-,-,211,-,-,156,-,385,155,-,-,-,24,-,89,251,-,-,564,-,-,565,11,-,1494,697,42,51,-,594,274,97,221,7
2010,30,443,-,-,122,324,1698,297,-,79,-,698,-,-,-,1,19,-,24,6,299,-,61,-,407,668,-,362,-,47,-,-,47,387,105,-,1184,-,6,-,103,20,-,-,546,-,40,529,18,219,-,807,68,13,-,783,274,45,259,9
2010,31,405,-,-,193,300,1483,-,-,98,81,657,1,-,-,-,-,-,10,-,302,-,45,-,476,686,-,448,163,7,-,161,34,201,140,-,1209,535,-,-,137,1346,-,-,508,204,32,414,10,186,-,638,-,5,-,743,-,78,259,24
2010,32,426,-,-,158,286,1445,-,-,54,86,692,-,-,-,44,27,-,8,-,356,-,-,-,445,694,-,385,-,29,-,153,62,322,168,-,1317,373,-,-,271,189,-,-,544,103,70,714,17,242,1519,761,-,33,-,726,243,72,289,5
2010,33,441,-,-,-,362,1637,110,225,73,105,650,-,-,-,41,15,-,6,15,258,-,54,549,459,536,-,-,188,-,30,219,42,438,-,-,1171,319,-,-,121,-,-,-,553,122,20,608,11,256,715,702,-,37,-,165,319,-,-,-
2010,34,-,-,-,87,313,2012,94,-,72,-,634,-,-,1,-,15,-,16,32,242,-,50,-,416,678,-,-,201,21,-,157,54,412,-,-,1430,759,-,-,159,441,-,-,642,-,46,541,14,274,949,874,23,8,-,882,312,100,254,11
2010,35,518,-,-,-,-,1429,-,276,83,-,704,317,-,-,-,18,-,8,19,264,-,-,-,339,638,-,433,161,42,66,-,52,449,194,-,1134,-,-,-,144,-,-,-,592,85,-,560,6,-,1092,899,11,20,-,684,-,53,168,-
2010,36,233,-,-,175,297,1158,9,-,76,94,709,376,-,-,4,11,-,4,17,-,-,67,64,352,431,-,-,181,-,123,-,60,-,163,-,1103,688,-,-,82,221,-,-,499,56,95,515,17,165,1151,517,8,7,-,603,290,91,164,16
2010,37,627,-,-,181,365,1814,-,-,220,-,683,-,-,-,-,10,-,7,10,262,-,43,-,416,464,-,-,187,39,93,149,25,452,-,-,1265,718,61,-,153,93,-,-,423,90,-,732,13,255,-,707,-,36,-,594,-,76,130,24
2010,38,445,-,-,135,379,1739,-,318,83,75,600,-,-,-,151,28,-,5,28,234,-,66,-,696,527,-,395,255,45,61,148,42,489,221,-,1368,699,-,-,140,448,-,-,689,195,103,653,19,273,-,741,-,28,-,714,307,78,128,-
2010,39,-,-,-,676,392,1507,251,-,85,-,686,-,-,-,81,-,-,7,7,245,345,61,-,422,577,-,406,-,48,73,-,48,491,191,-,1297,620,-,-,178,66,72,-,518,118,71,606,15,179,1066,743,-,44,-,832,303,58,70,13
2010,40,314,-,-,208,324,1969,193,-,107,-,705,-,-,-,31,17,-,8,14,133,390,40,386,456,617,2,254,202,-,26,107,53,352,-,-,1371,114,-,-,130,438,-,-,518,-,49,352,1,250,1278,752,9,14,-,547,414,-,109,3
2010,41,541,-,-,332,279,1332,170,-,86,95,653,272,-,-,-,16,-,9,15,228,389,20,436,384,601,-,385,175,12,-,-,50,431,173,-,87,579,-,-,129,257,139,-,548,92,22,824,13,249,-,592,34,30,-,377,315,72,103,12
2010,42,-,-,-,300,328,1519,211,320,68,-,660,346,-,-,109,23,-,8,26,204,682,-,-,411,492,-,458,282,16,143,135,44,445,116,-,2740,548,-,-,165,223,127,-,541,72,58,742,21,282,73,752,65,23,-,695,270,93,135,7
2010,43,580,-,-,320,322,1857,-,403,126,-,577,231,-,-,68,22,-,13,7,194,466,-,420,296,-,-,321,-,-,110,-,62,349,-,-,1219,755,-,-,146,224,216,-,669,-,-,746,17,297,-,898,76,38,-,688,262,88,-,1
2010,44,191,-,-,265,268,1915,207,313,69,-,560,-,-,-,49,-,-,12,19,266,305,-,-,-,379,-,-,-,-,85,-,51,-,241,-,1683,-,-,-,134,288,-,-,534,254,42,-,17,323,-,602,-,17,-,663,255,72,132,-
2010,45,-,-,-,162,272,1340,115,161,70,-,428,246,-,-,-,18,-,-,19,188,371,-,207,699,478,-,-,198,44,-,-,27,377,-,-,580,611,5,-,130,73,187,-,594,86,-,534,17,-,954,827,-,21,-,433,280,105,14,5
2010,46,-,17,-,312,170,1982,-,-,73,60,576,246,-,-,-,-,-,-,46,-,-,-,345,445,594,-,-,396,-,-,22,40,-,219,-,-,-,-,-,154,421,156,-,636,104,62,-,-,219,-,1025,20,-,-,601,334,-,137,30
2010,47,371,-,-,89,292,784,174,145,102,-,270,192,-,-,-,6,-,3,13,117,-,-,-,-,357,-,623,-,-,-,98,36,235,106,-,895,149,-,-,107,239,179,-,483,64,56,265,7,150,-,536,15,46,-,209,153,74,43,1
2010,48,-,-,-,321,286,1397,185,122,99,-,700,221,-,1,82,11,-,15,28,337,210,-,677,408,460,-,-,116,-,-,159,60,519,184,-,-,686,9,-,143,-,282,-,550,-,118,590,21,100,851,826,-,23,-,721,294,68,107,-
2010,49,359,-,-,342,331,1060,236,193,86,-,614,324,-,-,146,25,-,11,26,1,429,-,-,445,710,-,463,-,44,84,199,37,367,126,-,-,342,25,-,156,316,342,-,625,-,87,554,18,162,1044,701,34,14,-,883,661,68,114,21
2010,50,-,41,-,326,272,1273,75,-,91,-,707,418,-,-,135,23,-,8,26,169,428,-,290,448,539,-,-,377,29,88,-,68,-,-,-,-,676,-,-,134,103,193,-,707,-,19,846,-,-,-,709,-,39,-,663,302,-,126,28
2010,51,-,-,-,133,216,815,115,-,122,-,433,171,-,-,-,-,-,14,27,121,-,-,335,609,524,-,355,91,40,58,-,49,-,-,-,-,662,-,-,88,38,-,-,487,-,-,-,-,-,-,805,-,12,-,421,274,45,84,14
2010,52,124,-,-,-,223,810,148,210,71,49,346,281,-,-,-,-,-,8,5,72,5,-,461,-,190,-,-,204,-,77,-,38,189,-,-,18,767,-,-,73,618,291,-,456,-,-,200,5,-,681,461,-,24,-,187,222,35,-,-
2011,1,-,-,-,87,336,1426,185,-,83,76,633,-,-,-,-,20,-,15,53,-,378,-,319,432,575,-,230,112,-,56,-,1,331,122,-,-,1210,-,-,247,1,136,-,448,116,47,-,27,-,-,290,72,30,-,857,297,122,139,-
2011,2,426,-,-,301,233,846,-,-,50,-,620,-,-,-,-,18,-,10,-,54,642,-,405,485,940,-,-,127,23,-,171,36,343,182,-,-,466,-,-,169,296,169,-,832,-,-,334,12,-,-,501,-,26,-,704,322,76,177,-
2011,3,285,-,-,234,226,878,-,-,64,-,631,-,-,-,-,18,-,13,7,99,417,-,-,389,599,-,233,109,22,19,143,32,352,-,-,-,519,-,-,152,253,83,-,538,-,43,492,19,-,1202,582,-,30,-,819,290,67,142,-
2011,4,513,-,-,434,381,1421,184,-,65,46,662,482,-,-,-,45,-,18,-,268,324,-,-,360,656,-,414,114,43,44,179,72,609,96,-,-,466,-,-,160,59,142,-,567,-,108,743,28,-,-,700,53,20,-,706,305,94,141,-
2011,5,457,-,-,343,200,1518,555,19,89,-,804,614,-,-,103,6,-,3,7,434,131,-,483,333,435,-,393,100,52,77,134,-,419,139,-,-,-,-,-,260,10,107,-,558,83,135,-,21,320,-,738,46,-,-,838,312,61,91,-
2011,6,398,-,-,305,-,1319,-,-,105,-,704,472,-,-,-,18,-,18,24,243,298,-,-,470,765,-,379,145,53,85,-,59,476,390,-,-,902,-,-,223,590,124,-,537,87,143,606,25,260,955,589,-,23,-,971,388,92,70,-
2011,7,-,-,-,168,361,1534,478,10,60,-,668,597,-,-,44,27,-,24,-,208,334,-,-,496,552,-,413,-,-,17,-,43,-,142,-,183,1063,-,-,156,297,138,-,598,172,94,641,21,217,1608,798,-,81,-,749,-,-,137,-
2011,8,-,-,-,166,261,1533,-,31,89,26,624,456,-,-,-,18,-,-,26,154,162,-,260,254,-,-,-,-,74,77,-,42,524,-,-,121,765,-,-,147,206,111,-,526,95,154,478,14,262,-,759,23,21,-,609,314,96,169,16
2011,9,-,-,-,167,436,3140,375,168,128,-,643,83,-,-,35,36,-,7,27,266,179,-,277,287,699,-,-,133,-,120,282,48,506,-,-,228,657,4,-,146,-,197,-,810,76,111,701,10,283,-,722,46,33,-,379,286,49,149,-
2011,10,-,-,-,-,439,3103,641,474,117,35,573,280,-,-,69,22,-,18,41,-,257,52,-,890,600,-,612,136,-,96,-,40,479,-,-,-,1099,-,-,130,-,190,-,656,112,121,-,19,241,1230,687,54,14,-,815,299,118,193,15
2011,11,-,35,-,124,384,2335,-,369,70,131,631,-,-,-,32,27,-,14,64,302,-,-,258,456,525,-,503,145,24,-,178,34,479,77,-,220,839,-,-,167,212,-,-,579,-,51,461,2,311,-,807,22,-,-,809,322,72,-,5
2011,12,-,-,-,148,309,2502,-,413,88,-,691,770,-,-,85,23,-,9,12,381,458,-,-,559,625,-,-,-,59,125,-,26,381,103,-,434,588,-,-,183,-,302,-,831,123,95,522,17,260,1065,713,-,27,-,654,330,83,172,14
2011,13,-,-,-,134,-,2024,322,-,110,81,678,561,-,1,102,21,-,13,22,304,-,-,485,391,599,-,391,-,62,50,182,56,-,-,-,217,285,-,-,170,-,189,-,648,136,49,477,-,285,-,780,52,30,-,767,-,91,94,5
2011,14,-,-,-,175,389,2008,-,185,115,96,643,429,-,-,54,24,-,16,1,207,185,-,-,579,501,-,401,38,-,56,187,22,401,107,-,174,-,6,-,198,231,280,-,752,150,57,752,-,345,-,745,-,34,-,604,303,54,123,8
2011,15,-,-,-,106,302,1376,565,-,125,66,612,463,-,-,6,-,-,7,2,413,456,-,182,466,467,-,400,374,17,97,196,39,36,72,-,228,644,-,-,158,237,283,-,783,114,82,593,-,294,1574,695,13,39,-,563,291,-,-,3
2011,16,-,-,-,88,368,1645,711,-,63,94,624,-,-,-,-,14,-,7,1,559,729,-,316,415,461,-,592,458,41,32,144,38,285,130,-,-,-,-,-,149,228,195,-,618,22,-,392,-,153,-,710,37,26,-,646,273,65,113,7
2011,17,395,-,-,114,346,1625,-,274,69,92,648,553,-,-,1,15,-,21,13,441,538,-,458,439,550,-,-,319,76,-,199,37,228,166,-,169,-,-,-,150,205,179,-,634,-,92,947,20,270,1891,706,49,24,-,515,281,62,133,24
2011,18,-,-,-,66,256,1877,507,-,60,92,730,-,-,-,-,-,-,28,30,339,255,-,-,357,572,-,-,-,31,-,-,35,171,86,-,61,823,-,-,163,206,188,-,697,-,66,492,13,343,-,797,-,22,-,568,243,59,178,10
2011,19,192,-,-,121,328,1257,469,191,122,63,758,432,-,-,-,-,253,21,-,483,200,-,399,-,526,-,422,306,-,-,187,3,251,159,-,246,734,-,-,167,251,258,-,737,-,51,443,23,324,1512,756,-,30,-,684,321,70,162,-
2011,20,344,-,-,153,322,1282,413,-,63,105,737,678,-,-,-,-,151,16,25,478,747,-,486,558,592,-,308,426,-,-,152,59,183,-,-,190,1446,-,-,211,313,260,-,535,119,-,735,-,253,1377,668,-,26,-,669,308,59,172,4
2011,21,-,-,-,122,302,929,392,-,62,-,668,390,-,-,-,-,142,10,26,428,540,-,-,350,448,-,-,133,55,-,-,35,367,60,-,254,919,-,-,149,61,-,-,880,118,-,715,5,290,1802,721,37,28,-,648,311,-,143,17
2011,22,-,-,-,118,242,973,287,-,74,-,510,402,-,1,-,-,139,7,1,256,344,-,300,339,369,-,-,340,46,46,189,7,-,139,-,81,413,-,-,125,366,-,-,477,58,-,508,7,224,1383,555,-,39,-,448,235,97,88,-
2011,23,586,-,-,153,-,1336,244,275,85,-,737,705,-,-,-,22,232,5,26,488,428,-,122,357,673,-,506,367,49,118,149,34,68,62,-,246,615,1,-,137,77,294,-,606,127,39,715,14,272,-,715,25,-,-,710,286,65,160,15
2011,24,-,-,-,115,275,1309,382,-,108,-,685,317,-,-,-,33,258,14,-,274,448,-,-,342,518,-,558,394,-,78,219,36,69,56,-,241,715,-,-,-,249,276,-,604,-,78,622,21,256,-,754,51,25,-,584,331,-,157,-
2011,25,-,-,-,128,323,1446,247,-,46,-,772,905,-,-,-,30,222,19,20,366,410,-,420,249,603,-,185,422,71,64,-,10,76,181,-,214,864,-,-,-,-,261,-,690,164,78,392,19,258,-,712,35,-,-,449,280,57,127,-
2011,26,-,-,-,206,403,724,269,152,90,67,700,946,-,-,-,-,282,11,-,283,-,-,-,527,365,-,595,316,-,-,188,34,77,63,-,172,-,-,-,-,-,257,-,632,-,104,493,9,324,-,702,33,27,-,240,274,75,138,-
2011,27,412,-,-,138,250,590,168,159,51,-,498,710,-,-,-,5,221,3,12,297,96,-,242,210,482,-,-,-,-,32,141,20,21,149,-,15,668,-,-,-,-,147,-,532,68,-,484,-,192,-,479,45,8,-,795,181,77,66,-
2011,28,-,-,-,111,-,1388,210,-,69,-,657,611,-,-,-,15,206,17,11,207,-,65,421,571,468,-,568,-,45,74,178,48,58,48,-,200,980,-,-,306,-,229,-,646,82,75,-,19,219,-,683,-,35,-,682,-,55,127,2
2011,29,-,-,-,2,341,573,-,248,87,91,732,881,-,-,-,19,238,23,20,234,139,-,468,431,508,-,6,54,44,-,186,10,111,64,-,223,628,-,-,233,48,254,-,772,-,104,523,-,235,-,700,37,41,-,679,339,81,108,23
2011,30,-,-,-,108,347,423,360,-,45,-,675,889,-,-,1,20,270,12,6,276,-,-,351,362,538,-,568,446,57,52,230,13,121,111,-,49,-,-,-,176,103,277,-,613,-,-,438,27,308,-,633,53,-,-,619,313,97,186,-
2011,31,-,-,-,158,333,331,383,241,103,-,682,899,-,-,-,-,218,22,-,248,-,-,427,440,504,-,-,442,51,130,236,7,65,64,-,233,684,-,-,173,443,245,-,796,1,-,594,26,270,24,824,70,36,-,663,328,71,-,-
2011,32,540,-,-,190,305,313,-,-,81,-,714,726,-,-,-,-,214,34,21,273,-,-,-,440,584,-,594,-,-,67,202,27,162,53,-,207,851,-,-,180,57,243,-,619,115,-,387,21,251,1935,765,-,37,-,524,293,83,-,27
2011,33,312,-,-,315,325,448,226,251,59,-,654,698,-,-,-,27,231,9,20,335,-,-,-,455,610,-,-,486,74,48,-,4,141,-,-,193,531,7,-,207,668,189,-,939,-,31,465,28,310,1582,725,52,25,-,348,283,-,168,-
2011,34,-,-,-,211,320,650,591,-,74,-,684,727,-,-,28,34,309,22,40,436,482,-,200,535,442,-,235,416,-,-,195,4,155,46,-,250,1072,2,-,183,48,287,-,690,-,76,502,22,336,1787,776,75,23,-,650,290,47,-,6
2011,35,-,-,-,155,275,969,-,213,85,139,815,312,-,-,-,19,192,12,21,207,46,-,349,466,420,-,-,164,32,-,222,9,-,78,-,-,1175,-,-,184,436,244,-,717,122,89,458,17,308,1830,665,20,22,1,648,314,104,-,-
2011,36,-,-,-,81,319,239,296,208,95,51,663,500,-,-,-,18,136,5,-,253,113,-,252,453,443,-,191,311,-,26,150,1,99,131,-,-,-,-,-,100,24,221,-,654,66,76,497,8,150,1656,534,-,26,-,705,272,65,71,-
2011,37,-,-,-,128,291,987,255,172,92,165,948,675,-,-,40,23,189,11,-,269,359,-,285,465,-,1,478,373,58,46,175,4,-,-,-,208,1228,-,-,180,152,279,-,752,115,80,571,17,271,1452,730,75,35,-,515,-,67,132,6
2011,38,-,-,-,181,308,1030,-,-,64,-,901,531,-,-,-,29,236,19,24,247,246,-,473,321,587,-,390,325,60,72,199,1,150,103,-,253,1108,-,-,172,-,305,-,751,66,-,520,-,288,2061,730,-,15,-,294,347,93,135,26
2011,39,594,-,-,-,287,778,569,-,91,-,1006,793,-,-,-,-,210,15,30,390,-,-,633,376,460,-,498,286,50,24,211,3,182,47,-,251,-,-,-,189,-,-,-,856,180,33,-,-,326,1882,770,-,-,-,769,-,-,154,-
2011,40,-,-,-,310,373,979,-,-,83,111,864,688,-,-,45,-,181,12,16,435,349,-,-,404,532,-,604,260,76,-,139,-,167,-,-,-,1356,6,-,202,132,317,-,770,69,-,603,6,275,-,766,-,62,-,815,404,51,154,26
2011,41,611,-,-,318,286,350,-,238,92,63,827,485,-,-,-,16,209,-,25,349,284,44,494,695,675,-,-,308,55,29,22,-,172,36,-,135,1458,-,-,198,-,-,-,733,100,80,927,26,261,-,810,-,37,-,700,672,100,122,-
2011,42,-,-,-,-,-,515,359,445,106,155,900,391,-,-,81,24,185,13,11,467,505,-,395,431,526,-,515,-,67,84,268,1,183,95,-,81,1282,-,-,174,111,-,-,840,111,-,796,24,211,2023,780,1,15,-,644,341,95,-,-
2011,43,439,-,-,-,330,1510,368,219,113,107,897,441,-,-,10,22,160,26,9,313,-,80,-,458,487,-,-,-,73,82,173,1,173,66,-,204,-,7,-,185,79,284,-,809,-,15,401,-,259,-,810,-,-,-,930,353,79,173,13
2011,44,-,-,-,422,262,448,-,-,116,94,717,184,-,-,-,21,282,6,38,470,335,98,515,481,383,-,23,87,64,161,200,-,169,47,-,162,1114,-,-,177,53,-,-,724,63,91,511,21,49,1,758,17,43,-,1144,295,77,174,-
2011,45,-,-,-,365,249,214,454,-,44,-,691,400,-,-,-,16,166,2,12,451,232,-,348,243,510,-,-,-,39,110,9,-,145,97,-,82,990,-,-,330,49,-,-,652,118,98,379,26,217,-,616,-,16,-,806,185,51,165,11
2011,46,-,-,-,-,323,270,699,169,134,74,928,803,-,-,116,24,-,14,2,232,200,-,-,-,684,-,35,-,56,122,-,3,177,81,-,230,1390,-,-,155,-,-,-,458,130,104,606,-,259,-,790,-,42,-,1590,-,56,190,15
2011,47,473,8,-,342,79,131,-,177,32,-,341,410,-,-,16,8,125,15,-,249,94,37,261,258,259,-,-,-,51,-,112,-,82,43,-,1,-,-,-,103,13,225,-,381,57,-,415,15,135,652,506,-,18,-,480,227,47,100,-
2011,48,-,55,-,447,404,935,418,310,108,124,990,845,-,-,-,29,226,9,33,454,488,62,-,628,532,-,430,201,66,54,192,2,144,67,-,248,603,5,-,159,103,264,-,725,74,49,669,13,305,-,743,12,44,-,596,296,117,-,7
2011,49,-,2,-,239,349,918,430,255,60,134,795,671,-,-,-,-,393,12,16,521,148,57,539,676,468,-,-,144,75,107,200,2,104,79,-,251,739,-,-,272,48,298,-,751,103,57,822,22,191,2140,796,13,-,-,673,407,54,147,-
2011,50,594,4,-,-,305,887,-,-,148,4,847,893,-,-,5,25,252,28,17,298,311,54,-,409,627,-,-,-,61,139,29,4,154,-,-,278,1288,2,-,169,99,204,-,808,-,137,626,32,242,-,904,51,53,-,917,367,81,156,23
2011,51,-,42,-,332,-,-,352,112,94,175,770,714,-,-,-,26,177,20,16,255,142,-,284,664,466,-,-,-,-,86,200,1,159,-,-,251,1418,-,-,176,-,250,-,574,-,-,-,25,232,-,716,26,36,-,810,285,82,86,-
2011,52,352,21,-,407,205,406,322,-,182,4,718,-,-,-,-,-,81,11,7,201,47,-,-,399,145,-,-,85,38,113,-,2,111,-,-,86,1002,3,-,105,-,-,-,596,178,58,1336,-,73,805,675,6,9,-,368,223,62,49,-
2012,1,-,71,-,409,-,283,-,-,28,130,618,543,-,-,-,19,147,10,-,98,113,-,-,-,300,-,-,-,-,-,-,-,93,-,-,-,1509,-,-,127,18,246,-,417,-,-,-,10,194,-,171,23,-,-,813,283,47,119,-
2012,2,-,39,-,594,-,624,394,-,68,124,793,659,-,-,-,23,117,7,-,242,-,-,-,-,509,-,-,-,-,-,25,-,156,-,-,-,1431,-,-,187,66,-,-,809,14,-,-,-,342,-,482,25,-,-,575,289,45,-,-
2012,3,-,62,-,430,-,511,405,-,81,18,907,709,-,-,-,25,163,9,2,219,522,-,118,359,487,-,-,-,55,72,39,-,116,-,-,-,915,1,-,172,149,223,-,870,-,79,-,28,123,1577,580,13,-,-,624,216,72,74,-
2012,4,468,53,-,287,-,699,-,-,68,190,1071,645,-,-,2,32,225,12,-,331,242,88,197,566,553,-,-,-,-,-,46,-,158,-,-,-,-,-,-,142,94,300,-,949,239,-,-,26,372,1583,680,14,-,-,688,351,136,197,19
2012,5,632,38,-,132,-,736,469,-,99,-,899,653,-,-,70,34,237,6,-,367,195,61,277,435,545,-,-,-,72,-,31,2,121,-,-,-,762,-,-,241,140,-,-,761,256,143,-,-,324,1246,760,6,44,-,856,407,144,144,11
2012,6,527,40,-,109,-,805,440,-,92,92,1038,742,-,-,104,36,273,1,-,386,270,73,134,452,520,-,-,-,74,-,45,5,-,125,-,-,722,-,-,238,54,-,-,861,66,99,-,9,328,-,746,1,50,-,734,404,-,179,-
2012,7,-,53,-,74,273,582,-,-,67,138,895,825,-,-,-,27,135,-,-,320,-,66,415,397,427,-,664,-,71,-,24,2,150,-,-,-,673,-,-,244,87,272,-,795,197,121,7,17,224,1199,505,-,19,-,683,360,64,120,-
2012,8,498,40,-,140,272,-,394,-,82,134,789,875,-,-,107,17,223,13,-,475,-,-,217,497,488,-,419,-,55,-,-,1,151,152,-,-,628,-,-,137,61,190,-,669,176,90,478,18,220,-,754,1,23,-,764,325,78,-,-
2012,9,570,60,-,88,353,550,555,-,94,136,811,742,-,-,103,28,187,15,-,346,-,53,278,230,456,-,312,-,89,58,192,-,167,144,-,-,812,-,-,161,79,332,-,831,-,150,502,21,225,-,830,1,66,-,885,399,107,190,-
2012,10,-,51,-,-,358,748,-,-,43,-,874,690,-,-,-,29,196,27,-,281,-,56,221,505,597,-,488,-,62,-,248,1,116,242,-,-,833,-,-,228,112,-,-,578,-,16,666,-,324,-,775,21,59,-,917,466,-,168,-
2012,11,-,54,-,150,279,673,-,63,79,-,800,821,-,-,-,-,201,-,-,260,-,44,542,531,369,-,457,-,62,94,216,1,157,142,-,-,1246,-,-,206,-,251,-,774,176,-,-,-,266,-,822,13,6,-,579,403,101,121,-
2012,12,-,22,-,140,-,592,376,36,80,129,866,781,-,-,74,-,209,-,-,424,310,-,746,406,455,-,288,-,75,84,177,2,142,101,-,-,805,-,-,210,-,318,-,832,76,25,523,18,327,1372,731,26,48,-,816,394,107,158,-
2012,13,-,49,-,156,304,435,419,16,63,110,974,862,-,3,112,34,186,-,-,397,311,70,398,383,477,-,-,-,-,-,233,2,156,162,-,-,785,-,-,157,-,230,-,872,33,88,597,20,243,654,838,-,20,-,598,348,72,177,-
2012,14,577,40,-,111,309,-,-,41,80,91,939,753,-,-,85,24,165,-,-,168,143,-,297,507,414,-,527,-,62,93,-,1,98,87,-,-,503,-,-,243,-,121,-,610,129,-,421,8,45,-,700,56,17,-,704,393,95,110,-
2012,15,-,34,-,113,370,-,352,55,65,124,981,850,-,7,87,-,190,-,-,410,314,-,326,591,522,-,-,-,74,47,-,-,150,49,-,-,730,-,-,192,305,248,-,900,69,138,725,-,249,1601,810,79,19,-,584,358,89,131,-
2012,16,-,30,-,99,350,-,-,23,55,129,959,755,-,-,-,43,212,-,-,386,878,-,339,420,535,-,437,-,71,-,-,-,158,112,-,-,916,4,-,236,-,233,-,896,212,157,548,6,182,1414,728,64,47,-,-,397,-,152,-
2012,17,-,26,-,70,342,704,351,54,48,-,1002,508,-,-,105,34,140,-,-,408,555,54,441,643,-,-,238,-,63,-,184,-,153,205,-,-,-,1,-,194,-,249,-,588,289,-,432,15,235,1782,636,76,26,-,-,764,74,163,-
2012,18,-,38,-,103,326,452,366,45,98,159,717,674,-,-,-,-,-,-,-,277,398,-,-,560,547,-,-,-,77,-,218,1,119,100,-,-,1122,3,-,246,-,242,-,896,-,82,593,-,213,-,700,61,42,-,819,408,79,148,-
2012,19,-,37,-,138,333,243,-,23,56,160,993,740,-,-,-,-,119,-,-,326,543,2,-,441,744,-,-,-,72,-,193,-,177,-,-,-,1286,-,-,267,-,265,-,856,107,88,-,24,313,1469,728,-,26,-,744,323,86,169,-
2012,20,-,56,-,117,289,308,399,51,120,-,933,669,-,-,-,20,224,-,-,217,364,65,385,439,544,5,-,-,86,-,170,2,179,-,-,-,1378,-,-,244,102,260,-,877,112,73,486,25,172,1690,775,31,18,-,818,382,73,122,-
2012,21,-,36,-,-,333,563,418,-,83,-,838,955,-,-,74,-,153,-,-,-,484,-,-,555,413,-,-,-,55,-,209,-,170,94,-,-,1159,-,-,190,-,-,-,836,-,103,-,-,230,-,684,27,27,-,-,349,70,112,-
2012,22,-,-,-,120,-,1315,-,11,37,142,687,589,-,-,-,-,188,-,-,159,242,-,-,333,309,-,-,-,-,-,128,2,120,97,-,-,612,-,-,161,-,237,-,715,115,-,567,-,207,-,662,25,71,-,523,281,61,87,-
2012,23,-,26,-,278,289,661,311,67,97,84,783,484,-,-,64,32,231,-,-,249,-,-,373,498,-,-,-,-,77,-,188,3,163,127,-,-,906,-,-,232,-,244,-,981,104,48,496,15,196,-,747,51,28,-,578,349,98,140,-
2012,24,-,37,-,311,291,-,-,-,-,106,847,598,-,-,-,-,-,-,-,255,-,82,199,511,-,1,355,-,53,74,194,-,104,110,-,-,-,-,-,249,-,264,-,844,106,84,-,9,312,-,559,39,-,-,-,329,-,129,-
2012,25,-,45,-,309,333,749,-,-,63,160,989,-,-,-,17,-,-,-,-,420,-,8,563,354,-,2,-,-,-,111,-,-,-,143,-,-,805,-,-,234,-,220,-,863,-,-,-,1,233,1501,-,-,28,-,455,-,-,-,-
2012,26,-,44,-,398,-,640,435,120,94,111,936,732,-,-,-,-,-,19,-,374,-,-,350,614,-,-,623,-,-,119,184,-,181,83,-,-,601,-,-,12,5,204,-,643,23,-,-,-,273,-,685,23,43,-,843,-,-,142,-
2012,27,-,28,-,318,289,582,217,48,58,-,540,343,-,-,-,16,159,3,-,333,261,58,-,374,342,2,378,-,48,-,146,2,97,90,-,-,733,-,-,-,4,152,-,708,-,8,-,-,142,80,579,27,45,-,659,262,79,62,-
2012,28,-,50,-,-,304,829,-,133,93,95,859,703,-,-,-,21,189,5,-,219,1592,61,322,455,-,-,333,-,52,98,213,7,173,122,-,-,-,-,-,406,4,217,-,877,109,58,470,-,355,-,745,39,47,-,770,325,94,-,-
2012,29,-,-,-,267,319,1277,-,141,34,26,940,549,-,-,-,44,188,31,23,237,-,-,-,584,541,2,681,-,49,99,189,50,164,66,-,-,714,9,-,376,4,262,-,809,68,-,-,-,300,1984,711,25,32,-,566,381,94,150,11
2012,30,-,44,-,373,326,-,-,33,58,201,939,1003,-,-,-,37,142,16,-,263,339,49,760,527,510,-,-,-,66,-,210,52,159,41,-,-,1000,9,-,190,2,236,-,888,-,43,-,-,276,-,726,10,25,-,730,370,92,136,-
2012,31,-,-,-,354,312,616,-,-,42,151,950,686,-,-,-,19,178,14,17,426,115,-,464,579,489,-,454,-,23,-,230,45,171,90,-,-,606,-,-,258,1,240,-,712,-,-,-,-,269,2207,715,17,27,-,620,376,89,-,-
2012,32,356,21,-,-,384,687,513,22,95,138,933,890,-,-,-,31,190,15,28,760,150,-,-,228,493,-,451,-,-,-,204,1,187,75,-,-,-,10,-,229,7,247,-,825,34,-,590,-,274,-,811,42,29,-,749,340,108,154,-
2012,33,-,23,-,255,300,730,416,-,57,139,958,842,-,-,59,44,202,28,57,550,204,-,571,748,585,-,-,-,83,-,210,44,198,55,-,-,886,4,-,285,-,-,-,971,118,87,-,-,262,1859,697,10,21,-,726,317,86,209,1
2012,34,-,42,-,397,395,913,-,82,66,141,1058,876,-,-,25,31,217,43,36,793,-,-,363,551,561,-,408,-,-,47,188,-,206,63,-,-,1000,11,-,248,10,217,-,1011,99,-,-,-,253,-,828,23,53,-,499,341,75,194,4
2012,35,-,42,-,284,333,714,-,52,55,151,970,647,-,-,-,26,151,13,-,375,-,-,347,534,449,2,375,-,62,-,190,41,197,24,-,-,631,2,-,202,23,248,-,875,-,-,-,-,267,-,791,-,28,-,876,405,89,239,-
2012,36,-,27,-,101,304,590,-,-,28,86,795,693,-,-,28,20,132,3,1,258,85,-,370,307,349,6,303,138,58,-,31,6,109,49,-,-,812,-,-,183,12,238,-,680,176,17,-,-,238,1727,681,12,33,-,511,297,85,178,12
2012,37,-,39,-,201,384,643,-,36,81,-,965,649,-,-,33,27,259,10,1,354,259,70,447,595,508,10,-,-,52,-,-,8,156,143,-,-,741,-,-,438,43,256,-,1137,-,-,918,32,266,2144,730,34,10,-,713,319,122,210,14
2012,38,-,35,-,236,351,-,-,-,131,-,1163,706,-,-,1,41,220,16,21,443,618,73,521,443,398,-,547,199,-,-,204,31,170,104,-,-,-,4,-,260,3,328,-,950,158,105,-,27,286,902,908,12,68,-,703,379,-,218,7
2012,39,-,54,-,191,337,887,-,119,92,171,880,795,-,-,-,35,167,35,14,276,565,64,1051,501,471,-,414,128,84,-,185,26,181,57,-,-,1331,7,-,257,2,303,-,918,128,139,579,21,186,2216,686,22,21,-,525,456,149,259,-
2012,40,-,32,-,158,341,873,-,-,87,61,999,616,-,-,-,25,188,45,3,445,-,-,382,430,438,2,-,212,-,-,194,12,170,-,-,-,1044,6,-,335,7,286,-,843,117,34,-,-,224,2146,639,-,37,-,893,315,91,257,-
2012,41,-,22,-,237,364,691,497,-,63,94,1075,523,-,-,-,40,96,21,44,353,-,-,447,402,559,-,-,149,37,-,191,22,167,89,-,-,-,4,-,225,3,276,-,852,36,69,469,-,193,-,845,26,85,-,548,317,63,259,8
2012,42,-,-,-,226,369,925,390,-,66,92,832,467,-,-,3,34,209,22,30,315,484,-,-,585,454,-,344,246,-,-,167,28,189,55,-,-,1062,6,-,262,-,279,-,869,75,156,650,-,301,-,886,29,30,-,849,310,109,241,6
2012,43,-,41,-,206,-,956,426,-,143,139,1032,717,-,-,3,25,256,17,1,341,213,76,-,506,451,-,560,220,53,-,128,27,-,101,-,-,-,5,-,271,2,288,-,-,7,-,-,24,247,2032,847,17,45,-,-,376,-,238,-
2012,44,-,37,-,161,250,858,356,53,79,-,826,518,-,-,1,31,225,8,7,283,398,-,205,382,454,3,247,203,-,-,310,36,26,91,-,-,932,3,-,212,2,194,-,931,170,28,-,-,255,1795,697,33,-,-,569,397,-,251,-
2012,45,-,13,-,-,376,877,428,-,100,-,894,468,-,-,1,39,193,18,-,453,135,-,367,339,485,7,-,163,17,-,175,1,156,109,-,-,-,5,-,320,4,237,-,875,78,-,470,7,239,-,665,4,1,-,698,382,69,242,-
2012,46,591,34,-,144,-,1362,406,-,133,-,708,826,-,-,-,40,-,8,16,384,-,-,-,424,484,-,475,-,-,-,-,8,-,168,-,-,1214,-,-,217,4,260,-,828,215,-,-,-,234,-,629,5,1,-,631,295,59,-,11
2012,47,69,30,-,93,-,418,276,24,138,94,503,400,-,-,-,8,69,-,4,157,21,-,168,596,319,-,-,60,36,-,122,-,95,128,-,-,103,1,-,175,7,224,-,695,117,21,298,15,212,-,646,9,-,-,450,276,93,126,-
2012,48,-,53,-,149,383,798,358,-,83,-,884,762,-,-,-,41,251,8,1,419,231,66,191,256,-,-,294,269,30,67,-,-,187,181,-,-,-,1,-,290,3,178,-,795,308,-,-,27,223,2276,870,9,-,-,706,313,108,219,16
2012,49,-,18,-,114,250,-,289,89,116,-,803,749,-,-,41,39,182,9,6,388,225,-,348,608,621,-,485,274,58,-,-,-,159,141,-,-,742,4,-,273,1,195,-,945,95,88,503,30,232,-,792,11,30,-,657,354,91,262,14
2012,50,-,45,-,-,381,-,541,-,147,60,895,730,-,-,3,37,255,24,-,-,180,-,329,474,452,-,462,133,42,-,200,-,148,76,-,-,-,2,-,243,2,213,-,791,176,-,-,11,277,720,768,12,13,-,513,327,97,275,-
2012,51,-,26,-,119,-,437,419,-,131,-,829,782,-,-,-,46,204,8,-,269,-,-,-,478,425,-,-,-,-,-,-,26,197,-,-,-,486,-,-,292,-,-,-,849,-,99,-,-,242,-,878,2,17,-,-,-,-,-,-
2012,52,-,7,-,-,72,592,333,9,322,-,385,349,-,-,-,8,77,4,-,-,-,-,-,345,203,4,-,-,-,-,-,-,57,-,-,-,-,-,-,46,6,115,-,611,-,65,-,-,54,-,579,1,-,-,-,-,-,177,-
2013,1,-,38,-,-,318,52,346,-,137,97,664,380,-,-,85,21,129,10,-,202,175,-,219,311,180,-,-,72,27,95,-,20,88,179,-,-,-,-,-,103,9,132,-,465,-,-,367,-,-,-,97,-,12,-,505,243,70,90,1
2013,2,-,49,-,-,270,240,407,-,132,-,965,687,-,-,30,35,225,13,74,170,317,-,-,545,355,-,299,184,58,115,194,20,186,147,-,-,-,-,-,271,-,193,-,981,25,77,-,-,-,1973,399,9,42,-,888,324,93,-,15
2013,3,-,26,-,207,332,1428,337,93,150,-,939,922,-,-,19,40,175,12,16,371,209,-,178,580,507,-,374,154,56,-,212,-,217,255,-,-,1511,1,-,359,264,199,-,980,-,-,-,19,-,1465,644,9,64,-,-,362,74,306,-
2013,4,-,24,-,-,262,1069,318,30,189,-,952,776,-,-,129,31,159,6,39,242,444,-,235,334,579,-,274,55,54,-,182,4,169,234,-,-,790,1,-,225,192,292,-,866,62,118,569,29,-,1614,679,33,97,-,594,351,86,260,-
2013,5,-,27,-,-,355,1430,344,238,137,-,1026,301,-,-,101,-,240,10,-,340,258,-,254,558,466,-,507,203,69,101,260,7,122,265,-,-,-,3,-,290,216,277,-,1261,119,52,604,31,-,-,792,17,-,-,615,348,89,280,-
2013,6,-,33,-,-,359,-,408,-,91,-,843,809,-,-,142,-,270,4,12,588,233,-,252,325,444,-,-,-,-,81,242,24,144,278,-,-,551,6,-,285,293,214,-,904,-,-,713,20,18,-,700,4,-,-,938,416,130,252,-
2013,7,-,44,-,-,-,1002,363,68,119,-,816,660,-,-,-,-,212,7,73,406,126,-,-,460,565,-,524,-,46,-,33,1,168,251,-,-,773,-,-,346,261,262,-,868,115,161,-,12,-,-,792,-,43,-,793,359,97,271,11
2013,8,-,38,-,-,-,1048,381,-,31,-,956,748,-,-,-,-,186,18,-,327,-,37,285,357,480,-,-,75,57,12,193,-,168,173,-,-,-,1,-,312,188,285,-,852,176,-,-,24,201,-,755,2,2,-,510,338,65,244,-
2013,9,-,40,-,-,363,1219,405,11,142,-,895,706,-,-,109,31,307,7,22,293,528,-,-,494,379,-,-,104,73,-,29,-,171,166,-,-,1176,4,-,295,296,298,-,943,108,-,-,28,287,-,815,10,56,-,629,376,108,242,-
2013,10,317,-,-,-,-,1129,303,291,84,-,935,720,-,-,-,21,181,8,33,390,793,-,332,569,384,7,-,126,53,-,183,2,164,229,-,-,1038,-,-,335,209,289,-,972,99,71,567,24,41,-,732,24,15,-,666,393,110,257,7
2013,11,-,-,-,-,351,918,565,230,103,-,856,760,-,-,196,39,204,10,45,388,181,-,288,398,274,1,61,202,72,-,34,1,209,-,-,-,1258,-,-,283,257,238,-,827,154,99,-,20,231,-,767,14,-,-,899,357,123,210,-
2013,12,597,23,-,-,341,1040,323,-,91,-,909,745,-,-,95,64,232,21,32,237,254,-,-,404,544,-,292,249,50,9,116,2,194,125,-,-,752,5,-,282,246,251,-,597,122,-,-,-,245,2574,790,28,7,-,851,303,90,270,4
2013,13,-,43,-,-,295,904,363,145,83,-,888,663,-,-,106,39,219,12,29,393,154,-,-,501,399,-,540,241,69,-,-,2,180,95,-,-,-,-,-,410,214,366,-,947,14,114,-,14,107,-,736,13,-,-,639,431,97,213,10
2013,14,-,-,-,-,335,870,394,171,88,98,909,957,-,-,-,40,225,16,15,275,-,-,290,562,440,5,337,213,-,-,177,6,165,132,-,-,-,1,-,202,218,209,-,673,150,76,-,25,180,-,652,5,10,-,605,365,58,268,10
2013,15,-,58,-,-,325,744,346,-,108,70,959,893,-,-,88,33,190,13,31,409,404,28,-,387,386,-,-,233,44,-,198,21,153,103,-,-,-,2,-,259,268,273,-,887,178,-,591,13,178,-,757,9,13,-,776,336,90,309,-
2013,16,411,47,-,-,249,1027,355,-,69,-,966,760,-,-,90,22,208,19,32,268,546,-,-,-,587,7,360,194,36,-,169,5,187,138,-,-,-,1,-,350,313,283,-,883,172,99,483,18,213,-,748,17,17,-,437,350,114,292,-
2013,17,-,37,-,-,372,885,419,85,69,50,967,707,-,13,-,40,216,8,41,336,427,-,-,571,417,7,366,-,69,19,-,3,177,105,-,-,-,1,-,281,360,261,-,955,77,67,548,29,248,-,800,37,7,-,739,372,120,283,6
2013,18,-,26,-,-,329,892,439,-,96,-,825,765,-,-,-,36,185,8,6,371,295,-,-,383,387,5,293,-,44,-,301,2,180,132,-,-,237,-,-,314,37,331,-,1020,-,72,500,36,157,-,765,65,12,-,479,308,-,258,-
2013,19,-,29,-,-,326,1112,482,140,68,71,899,700,-,-,-,39,194,15,6,305,167,-,-,323,359,-,513,18,56,-,237,-,208,88,-,-,807,-,-,306,64,294,-,464,127,72,-,19,263,2140,619,47,-,-,945,357,114,255,-
2013,20,-,30,-,305,339,1078,570,-,85,88,921,810,-,1,-,35,149,22,11,382,-,-,-,615,437,-,343,82,53,-,216,5,198,94,-,-,949,-,-,319,50,466,-,916,154,-,589,-,197,-,810,66,7,-,645,314,89,286,-
2013,21,-,30,-,-,217,1020,416,-,103,89,728,787,-,-,-,35,77,15,-,345,174,-,285,383,491,-,356,66,60,-,201,10,181,89,-,-,703,-,-,296,52,285,-,814,91,79,-,7,216,-,638,33,-,-,639,335,70,252,-
2013,22,-,15,-,-,280,903,268,138,96,103,677,604,-,-,-,17,186,2,18,232,218,-,-,445,318,-,286,15,-,-,159,-,101,95,-,-,-,3,-,171,35,-,-,663,185,79,-,-,153,1511,699,20,13,-,604,300,77,187,-
2013,23,376,62,-,514,323,776,363,212,116,-,940,707,-,-,-,31,222,9,16,315,247,34,172,453,450,-,149,85,82,98,222,1,182,108,-,-,1071,1,-,307,49,270,-,796,110,91,574,-,73,2012,637,31,-,-,621,346,116,253,-
2013,24,708,20,-,379,308,462,288,199,85,128,833,669,-,-,28,61,190,5,-,270,513,-,383,655,437,-,144,-,63,-,226,-,179,124,-,-,1124,2,-,246,38,298,-,858,70,50,495,24,180,-,-,16,-,-,434,319,86,271,4
2013,25,701,19,-,453,356,1207,360,-,92,-,835,619,-,2,-,34,229,9,11,459,258,-,-,688,-,-,-,90,52,-,221,-,104,129,-,-,1103,4,-,332,56,273,-,902,95,-,410,32,223,1772,694,73,-,-,564,396,96,250,-
2013,26,-,37,-,-,304,1290,209,-,49,79,896,854,-,-,25,-,-,14,-,298,-,-,702,532,534,-,-,-,-,-,172,-,-,83,-,-,-,-,-,264,48,294,-,948,-,60,-,-,149,-,697,-,3,-,627,343,-,281,-
2013,27,328,40,-,465,209,1800,315,-,50,51,516,643,-,3,41,15,120,2,2,223,172,-,-,367,304,-,-,68,49,-,207,-,101,-,-,-,650,-,-,193,28,158,-,648,31,-,-,4,166,1543,544,34,4,-,360,240,59,178,-
2013,28,528,38,-,-,295,1083,335,70,89,-,903,815,-,9,50,48,156,28,62,273,-,-,512,-,286,-,196,148,49,-,-,-,-,111,-,-,1180,2,-,275,49,282,-,958,93,80,701,16,208,-,717,24,9,-,874,-,100,304,-
2013,29,624,26,-,296,289,1309,350,-,47,61,1002,894,-,11,79,-,178,45,6,386,212,-,313,622,492,-,225,152,66,-,143,2,183,121,-,-,1051,11,-,329,60,198,-,958,111,86,270,9,151,385,720,20,5,-,583,706,83,315,-
2013,30,-,31,-,-,310,1311,504,-,84,105,-,839,-,-,73,25,227,12,20,317,514,-,-,442,318,-,551,120,74,64,-,-,-,54,-,-,1004,4,-,288,56,325,-,976,66,-,770,13,173,-,693,11,6,-,525,307,86,282,-
2013,31,-,40,-,-,-,1402,372,-,80,69,-,923,-,8,86,47,246,-,-,253,301,-,549,519,364,12,-,197,66,88,201,16,188,116,-,-,-,5,-,215,11,280,-,809,-,81,463,30,372,-,835,54,2,-,695,348,99,174,-
2013,32,-,32,-,428,-,1138,384,-,176,58,-,940,-,-,81,33,183,1,39,406,238,-,-,308,445,-,-,157,59,98,-,10,145,113,-,-,798,2,-,305,70,213,-,1041,-,-,-,13,-,1,597,79,-,-,521,373,-,115,-
2013,33,-,-,-,441,-,1186,408,-,80,73,-,977,-,-,75,33,186,23,48,372,315,-,282,714,410,-,-,191,2,87,218,37,200,141,-,-,1299,1,-,359,64,260,-,794,-,41,-,23,248,2396,-,50,2,-,546,364,-,99,-
2013,34,-,-,-,430,-,1072,450,11,63,74,-,959,-,3,102,-,217,22,-,327,204,-,411,538,354,-,-,183,38,63,218,46,170,158,-,-,629,-,-,347,-,286,-,801,170,-,533,25,253,-,-,80,23,-,-,410,-,97,-
2013,35,-,48,-,470,243,932,390,-,60,-,923,1038,-,-,94,40,141,14,3,296,188,-,-,559,476,-,-,108,75,96,205,18,216,135,-,-,504,1,-,406,56,-,-,952,172,107,457,3,253,-,-,71,10,-,-,296,115,99,-
2013,36,-,20,-,347,-,459,-,67,200,-,942,759,-,-,58,-,156,-,29,-,86,-,-,364,-,-,-,53,-,-,163,24,134,80,-,-,364,3,-,246,36,174,-,655,17,91,586,23,-,1499,-,109,-,-,257,320,92,80,-
2013,37,-,35,-,425,286,860,424,119,124,-,695,844,-,-,88,43,246,18,44,229,79,-,-,504,457,-,285,114,58,-,264,45,216,123,-,-,642,5,-,477,15,311,-,811,171,-,483,20,249,1871,-,80,6,-,814,338,76,115,9
2013,38,-,28,-,376,326,1044,521,99,66,171,948,861,-,-,100,44,195,18,17,326,77,-,454,466,377,-,-,107,76,-,217,16,207,114,-,-,947,2,-,274,-,278,-,841,203,-,563,24,308,2163,-,73,-,-,665,316,105,88,5
2013,39,513,37,-,-,288,-,460,104,91,152,954,1140,-,-,76,27,199,27,48,473,116,75,-,457,210,-,114,153,35,2,232,47,-,110,-,-,1110,-,-,344,43,252,-,944,157,102,560,7,218,-,-,99,-,-,670,393,73,98,8
2013,40,-,21,-,378,338,1233,454,124,116,-,937,982,-,3,79,27,259,12,48,-,168,-,-,529,340,-,30,123,67,1,197,7,150,-,-,-,429,-,-,425,42,294,-,999,-,112,643,13,265,1968,-,78,-,-,617,-,105,125,10
2013,41,-,27,-,490,290,-,-,68,98,-,911,915,-,-,108,27,146,36,-,417,233,69,-,689,308,-,408,114,1,-,-,-,220,100,-,-,1366,-,-,404,39,276,-,884,-,-,314,24,213,-,-,76,22,-,259,392,125,96,4
2013,42,607,47,-,-,281,1214,332,150,79,58,994,834,-,4,49,34,202,26,17,384,161,-,183,310,566,-,-,83,59,2,210,1,210,116,-,-,1103,3,-,270,53,164,-,890,167,66,604,20,251,-,-,74,17,-,924,353,120,109,11
2013,43,-,25,-,499,272,1591,164,77,62,73,951,873,-,-,85,-,204,14,71,398,105,-,358,443,507,-,-,94,62,-,147,-,187,186,-,-,928,3,-,337,50,290,-,867,123,-,473,19,250,2110,-,118,11,-,562,420,119,103,3
2013,44,-,29,-,-,275,1220,321,107,126,41,850,1051,-,-,119,36,196,34,23,385,149,82,522,475,313,20,614,134,59,-,298,1,189,143,-,-,735,2,-,296,49,265,-,783,64,100,599,-,196,1987,-,-,9,-,775,341,105,101,-
2013,45,-,61,-,-,204,1417,344,45,89,115,-,919,-,-,86,33,113,15,31,-,245,-,-,430,465,18,-,124,44,1,166,-,167,151,-,-,966,4,-,351,49,212,-,903,270,-,-,23,216,-,-,68,-,-,647,364,83,103,-
2013,46,-,36,-,428,315,1166,319,72,89,-,755,743,-,3,96,31,286,15,-,362,171,-,336,-,505,-,180,35,84,-,165,-,178,125,-,-,-,4,-,277,38,220,-,869,68,87,568,-,105,1679,-,62,-,-,828,257,100,92,-
2013,47,-,42,-,-,300,1258,188,88,85,83,-,887,-,-,92,56,194,20,7,404,129,-,-,404,-,11,-,138,-,-,-,-,178,183,-,-,749,-,-,-,45,333,-,957,-,-,-,-,221,-,-,100,32,-,-,411,-,290,-
2013,48,-,9,-,-,187,629,256,112,82,89,375,821,-,1,82,5,161,4,-,214,69,-,-,398,314,-,-,64,43,-,-,-,99,104,-,-,554,5,-,177,20,206,-,639,56,110,239,-,91,395,-,49,8,-,-,-,55,140,-
2013,49,-,33,-,-,278,1322,282,108,89,71,984,516,-,-,70,37,242,27,26,327,194,-,251,260,511,12,312,159,58,-,136,1,174,204,-,-,599,7,-,271,24,267,-,725,91,-,668,-,188,-,-,86,18,-,-,352,105,282,10
2013,50,-,37,-,591,-,1172,311,-,110,90,1022,850,-,-,91,39,213,16,68,199,178,-,-,485,638,-,250,135,66,-,178,-,145,102,-,-,1318,-,-,286,37,263,-,825,188,73,471,38,97,2072,-,111,69,-,-,337,55,247,11
2013,51,-,29,-,-,-,1305,297,25,145,-,867,943,-,1,109,33,-,29,35,382,94,-,-,438,-,-,-,130,1,-,11,-,-,163,-,-,857,-,-,242,53,334,-,808,-,116,-,-,254,1785,-,61,-,-,-,365,47,297,11
2013,52,-,10,-,-,-,752,245,-,220,-,581,494,-,-,83,12,-,1,25,-,13,-,-,314,163,9,-,41,-,4,175,-,-,44,-,-,106,-,-,98,10,-,-,576,-,-,-,-,-,-,-,-,2,-,-,205,-,163,2
2014,1,-,30,-,-,172,435,288,8,24,-,726,342,-,-,49,14,157,5,-,147,77,-,71,230,131,-,315,47,41,-,131,-,4,68,-,-,898,-,-,54,26,199,-,579,-,75,929,20,124,1346,-,48,2,-,594,236,42,149,-
2014,2,361,38,-,-,190,1315,276,-,56,-,880,970,-,2,82,-,80,22,22,297,88,-,118,318,344,-,-,158,72,-,189,2,-,146,-,-,1141,4,-,241,67,301,-,864,-,-,-,38,255,1331,-,106,19,-,56,378,74,259,-
2014,3,-,-,-,-,-,1228,337,-,42,-,946,1010,-,-,91,-,165,6,-,278,87,-,-,390,431,-,268,157,46,-,176,2,232,175,-,-,-,4,-,376,-,299,-,1099,122,88,449,31,202,-,-,40,30,-,259,380,-,232,-
2014,4,-,-,-,-,-,855,395,-,38,-,857,397,-,-,83,-,118,36,61,216,-,-,-,-,452,-,-,104,68,102,57,-,126,106,-,-,926,8,-,312,29,223,-,897,57,-,-,34,237,-,-,78,-,-,158,334,9,249,-
2014,5,-,49,-,-,-,1047,514,111,65,-,994,348,-,3,102,33,216,23,21,407,17,-,319,460,453,-,294,122,80,111,-,2,218,152,-,-,616,8,-,345,51,-,-,1000,-,-,378,29,207,-,-,99,13,-,717,413,37,267,-
2014,6,-,25,-,-,421,1221,387,-,54,-,994,999,-,9,36,29,254,67,21,260,70,57,-,428,501,3,-,121,-,76,248,2,127,92,-,-,1384,8,-,356,34,249,-,902,-,43,-,32,302,-,-,97,-,-,688,425,102,254,-
2014,7,-,76,-,-,347,1004,349,76,85,-,936,741,-,-,-,25,236,21,-,328,-,82,138,324,392,-,636,98,56,151,-,-,134,-,-,-,689,7,-,478,47,314,-,738,-,-,161,29,196,-,-,61,39,-,628,369,49,240,-
2014,8,-,42,-,-,263,-,199,-,48,-,826,246,-,1,-,19,179,22,-,418,64,41,367,392,333,-,369,64,35,1,-,-,145,104,-,-,684,6,-,436,33,257,-,839,-,80,552,25,162,1819,-,77,7,-,752,335,87,277,9
2014,9,-,28,-,-,-,1355,252,122,139,-,979,1485,-,7,-,39,277,21,5,-,-,101,-,367,383,6,375,99,52,118,-,1,216,95,-,-,889,5,-,347,16,316,-,797,211,-,542,37,195,-,-,99,41,-,1265,339,51,246,-
2014,10,490,23,-,-,225,1339,393,-,141,-,1012,1116,-,4,-,32,156,15,1,314,-,-,424,478,338,-,309,89,78,107,1,-,160,200,-,-,797,6,-,332,-,206,-,819,-,-,586,2,123,2020,-,97,11,-,695,390,35,237,-
2014,11,-,28,-,-,407,1200,249,3,135,-,915,764,-,6,-,36,265,50,89,398,1,106,374,473,369,-,-,92,79,130,-,-,183,-,-,-,1667,13,-,342,-,327,-,878,-,135,540,4,171,1975,-,111,-,-,948,306,100,247,6
2014,12,-,40,-,-,377,1460,409,116,59,-,913,1141,-,1,33,39,175,19,-,302,91,27,-,437,458,-,436,105,69,59,-,-,228,-,-,-,-,15,-,358,-,305,-,780,105,-,425,10,196,-,-,94,-,-,714,323,-,278,-
2014,13,-,32,-,-,268,1674,213,190,94,-,1074,915,-,1,-,38,126,9,-,380,108,70,-,-,359,15,447,-,73,120,-,1,217,146,-,-,1809,7,-,264,-,305,-,871,91,114,-,30,262,-,-,100,12,-,1146,375,37,305,-
2014,14,341,36,-,-,230,1665,293,140,73,-,963,961,-,-,-,48,235,15,89,368,-,-,398,493,395,-,-,125,1,58,-,-,200,190,-,-,1239,8,-,305,-,231,-,720,-,-,-,22,185,2038,-,90,1,-,777,344,77,293,-
2014,15,-,36,-,-,360,1301,-,-,50,-,-,974,-,-,-,50,186,-,-,-,44,-,-,-,-,-,238,127,53,118,9,3,162,-,-,-,1290,-,-,361,-,262,-,398,-,59,476,-,278,1913,-,108,-,-,-,-,-,-,-
2014,16,734,29,-,457,383,1348,347,30,53,-,939,998,-,-,80,18,202,20,-,275,64,-,-,365,401,-,-,138,52,177,-,-,143,73,-,-,569,6,-,363,-,387,-,682,93,80,523,8,144,-,-,100,20,-,721,335,42,240,7
2014,17,-,24,-,-,358,-,269,-,109,-,972,997,-,-,86,34,261,14,57,318,-,22,451,277,413,-,454,167,-,-,-,-,-,-,-,-,774,-,-,313,-,352,-,-,-,-,494,-,277,2028,-,-,30,-,-,396,107,263,13
2014,18,565,25,-,338,63,1359,397,171,135,-,1004,980,-,1,-,46,259,49,-,246,-,-,-,296,490,16,292,86,80,143,69,-,219,133,-,-,755,10,-,338,-,343,-,703,-,-,486,-,267,-,-,92,29,-,792,309,78,267,-
2014,19,-,33,-,-,-,1267,223,98,60,-,1050,971,-,17,-,44,162,18,-,246,33,-,252,375,422,11,348,140,59,79,-,6,203,122,-,-,945,8,-,280,-,242,-,795,118,-,-,-,160,43,-,86,12,-,517,362,-,204,-
2014,20,-,40,-,565,368,1093,569,101,71,-,858,991,-,-,-,25,133,28,-,286,79,-,418,407,470,17,253,-,1,88,-,3,210,126,-,-,806,11,-,303,51,373,-,723,191,-,595,-,173,1546,-,80,-,-,657,354,-,240,-
2014,21,-,37,-,-,225,1113,-,92,51,-,1000,936,-,-,-,57,130,17,18,253,101,-,-,368,386,-,-,-,56,117,-,2,179,162,-,-,733,-,-,332,48,272,-,708,83,-,-,-,150,-,-,80,-,-,949,383,30,231,-
2014,22,509,1,-,-,298,1131,110,165,42,-,802,735,-,-,-,36,123,11,23,216,88,31,289,305,371,-,-,121,-,-,-,-,129,74,-,-,624,8,-,139,17,252,-,917,60,-,645,-,130,1170,-,70,-,-,768,328,51,195,8
2014,23,-,21,-,463,239,1367,302,82,44,-,910,895,-,-,-,34,260,35,49,-,84,-,447,401,375,-,-,-,-,150,63,-,246,103,-,-,704,11,-,289,57,315,-,1069,46,128,535,-,204,-,-,85,-,-,751,398,93,283,-
2014,24,-,3,-,-,396,1355,476,97,67,-,1061,1056,-,-,-,44,256,13,41,186,154,-,360,77,435,-,-,139,63,116,23,2,137,89,-,-,1054,13,-,-,47,246,-,686,-,-,590,-,160,-,-,-,13,-,688,368,72,245,-
2014,25,-,34,-,486,382,1407,421,231,141,-,1186,408,-,16,-,47,132,1,-,-,137,-,505,464,566,-,-,160,47,77,-,-,190,124,-,-,1074,-,-,329,55,333,-,1043,61,-,629,-,215,-,-,79,14,-,690,-,67,260,-
2014,26,-,45,-,258,322,1354,420,87,76,-,1077,165,-,-,-,46,277,27,39,398,-,-,383,351,471,-,-,-,47,101,-,1,186,111,-,-,-,-,-,257,75,301,-,788,56,72,461,-,218,189,-,58,3,-,684,-,62,297,-
2014,27,-,-,-,-,240,1017,255,-,38,-,776,125,-,-,-,23,228,27,25,268,-,-,269,206,207,-,-,107,41,61,-,-,144,102,-,-,553,5,-,228,24,177,-,417,95,-,476,-,115,-,-,-,20,-,554,324,-,158,-
2014,28,-,26,-,495,262,1495,319,45,138,-,1077,469,-,7,-,-,290,26,-,419,-,-,399,315,443,-,-,55,2,164,58,-,152,103,-,-,-,5,-,302,59,283,-,837,-,-,642,-,152,-,-,60,10,-,706,315,74,241,-
2014,29,-,25,-,486,306,1574,434,-,117,-,1083,1269,-,-,-,36,154,26,43,391,-,-,-,292,393,-,-,151,55,120,-,-,190,124,-,-,1409,-,-,385,58,294,-,574,-,-,534,-,186,-,-,-,8,-,646,310,86,289,-
2014,30,-,38,-,-,-,-,129,53,89,-,1079,1066,-,5,-,32,217,17,44,350,-,-,-,44,422,24,-,153,71,115,-,4,159,141,-,-,1015,7,-,299,62,224,-,958,-,77,-,-,248,1982,-,25,29,-,768,388,79,258,-
2014,31,634,-,-,-,316,1577,217,-,134,-,1186,-,-,-,-,43,206,59,68,364,-,-,415,-,416,-,-,181,56,97,-,4,-,130,-,-,-,9,-,273,73,295,-,852,-,-,864,-,215,2252,-,42,25,-,642,406,76,293,11
